"СВОБОДНИ МЕСТА ЗА ТРЕТИ ЕТАП НА КЛАСИРАНЕ ПО ПАРАЛЕЛКИ С КОДОВЕ ПО УЧИЛИЩА И РАЙОНИ, 
ПРИЕМ В VIII КЛАС ЗА УЧЕБНАТА 2021/ 2022 ГОДИНА ",,,,,,,,
Код,Училище,Код на паралелката,Име на паралелката,Тип,Брой паралелки,На общо основание,Младежи,Девойки
2201078,"78. Средно училище  ""Христо Смирненски"", ГР.БАНКЯ",0463,"Извършване на термални процедури - АЕ, НЕ",професионална,1,14,0,0
2201078,"78. Средно училище  ""Христо Смирненски"", ГР.БАНКЯ",0468,"Софтуерни и хардуерни науки - АЕ интензивно, РЕ",профилирана,1,0,0,0
2201400,"Професионална гимназия  по туризъм ""Алеко Константинов"", ГР.БАНКЯ",0344,Организация на хотелиерството -  АЕ,професионална,1,15,0,0
2201400,"Професионална гимназия  по туризъм ""Алеко Константинов"", ГР.БАНКЯ",0355,Производство и обслужване в заведенията за хранене и развлечения - АЕ,професионална,1,20,0,0
2201400,"Професионална гимназия  по туризъм ""Алеко Константинов"", ГР.БАНКЯ",0358,Кетъринг - АЕ,професионална,1,12,0,0
2201400,"Професионална гимназия  по туризъм ""Алеко Константинов"", ГР.БАНКЯ",0362,Производство на кулинарни изделия и напитки - готвач,професионална,1,6,0,0
2202002,"2 Средно училище ""Академик Емилиян Станев "", ГР.СОФИЯ",0947,Природни науки - АЕ интензивно  ИЕ,профилирана,1,4,0,0
2202002,"2 Средно училище ""Академик Емилиян Станев "", ГР.СОФИЯ",0951,Чужди езици - АЕ интензивно  ИЕ,профилирана,1,2,0,0
2202002,"2 Средно училище ""Академик Емилиян Станев "", ГР.СОФИЯ",0957,Хуманитарни науки - АЕ интензивно   ИЕ,профилирана,1,1,0,0
2202002,"2 Средно училище ""Академик Емилиян Станев "", ГР.СОФИЯ",0958,Предприемачески - АЕ интензивно  НЕ,профилирана,1,2,0,0
2202026,"26 Средно училище  ""Йордан Йовков"", ГР.СОФИЯ",0965,"Софтуерни и хардуерни науки - АЕ интензивно, РЕ",профилирана,1,8,0,0
2202401,"Професионална гимназия по екология и  биотехнологии ""Проф. д-р Асен Златаров"", ГР.СОФИЯ",0851,"Екология и опазване на околната среда - АЕ, НЕ",професионална,1,9,0,0
2202401,"Професионална гимназия по екология и  биотехнологии ""Проф. д-р Асен Златаров"", ГР.СОФИЯ",0874,"Технология на фармацевтичните и парфюмерийно-козметични продукти - АЕ, ",професионална,1,7,0,0
2202401,"Професионална гимназия по екология и  биотехнологии ""Проф. д-р Асен Златаров"", ГР.СОФИЯ",0909,Технологичен и микробиологичен контрол в химични производства - лаборант - АЕ,професионална,1,8,0,0
2202401,"Професионална гимназия по екология и  биотехнологии ""Проф. д-р Асен Златаров"", ГР.СОФИЯ",2591,"Осигуряване на продуктова информация - НЕ (дуална), АЕ",професионална,1,22,0,0
2202401,"Професионална гимназия по екология и  биотехнологии ""Проф. д-р Асен Златаров"", ГР.СОФИЯ",3414,Технология на фармацевтичните и парфюмерийно-козметични продукти - НЕ,професионална,1,17,0,0
2203074,"74 СУ ""ГОЦЕ ДЕЛЧЕВ"", ГР.СОФИЯ",1771,"Софтуерни и хардуерни науки - АЕ интензивно, РЕ",профилирана,1,5,0,0
2203074,"74 СУ ""ГОЦЕ ДЕЛЧЕВ"", ГР.СОФИЯ",1777,"Природни науки - АЕ интензивно, РЕ",профилирана,1,13,0,0
2203140,"140. СРЕДНО УЧИЛИЩЕ ""ИВАН БОГОРОВ"", ГР.СОФИЯ",1895,Български танци,професионална,1,12,0,0
2203140,"140. СРЕДНО УЧИЛИЩЕ ""ИВАН БОГОРОВ"", ГР.СОФИЯ",1904,Графичен дизайн,професионална,1,3,0,0
2204018,"18 Средно училище ""Уилям Гладстон"", ГР.СОФИЯ",0897,"Чужди езици - НЕ интензивно, АЕ",профилирана,1,0,0,0
2204018,"18 Средно училище ""Уилям Гладстон"", ГР.СОФИЯ",0902,"Природни науки - АЕ интензивно, НЕ",профилирана,1,1,0,0
2204018,"18 Средно училище ""Уилям Гладстон"", ГР.СОФИЯ",0905,"Чужди езици - ФЕ интензивно, АЕ",профилирана,1,0,0,0
2204018,"18 Средно училище ""Уилям Гладстон"", ГР.СОФИЯ",1631,"Чужди езици - ЯЕ интензивно, АЕ",профилирана,1,1,0,0
2204018,"18 Средно училище ""Уилям Гладстон"", ГР.СОФИЯ",1637,"Чужди езици - АрЕ интензивно, АЕ",профилирана,1,3,0,0
2204018,"18 Средно училище ""Уилям Гладстон"", ГР.СОФИЯ",1642,"Чужди езици - КитЕ интензивно, АЕ",профилирана,1,3,0,0
2204018,"18 Средно училище ""Уилям Гладстон"", ГР.СОФИЯ",1647,"Чужди езици - КорЕ интензивно, АЕ",профилирана,1,2,0,0
2204030,"30 СРЕДНО УЧИЛИЩЕ ""БРАТЯ МИЛАДИНОВИ"", ГР.СОФИЯ",1307,Чужди езици - ИЕ интензивно  АЕ,профилирана,1,2,0,0
2204030,"30 СРЕДНО УЧИЛИЩЕ ""БРАТЯ МИЛАДИНОВИ"", ГР.СОФИЯ",1308,"Природни науки - ИЕ интензивно, АЕ",профилирана,1,1,0,0
2204030,"30 СРЕДНО УЧИЛИЩЕ ""БРАТЯ МИЛАДИНОВИ"", ГР.СОФИЯ",2602,"Икономическо развитие - АЕ интензивно, НЕ",профилирана,1,2,0,0
2204032,"32. СРЕДНО УЧИЛИЩЕ С ИЗУЧАВАНЕ НА ЧУЖДИ  ЕЗИЦИ ""СВЕТИ КЛИМЕНТ ОХРИДСКИ"", ГР.СОФИЯ",2771,Чужди езици - АЕ интензивно НЕ,профилирана,1,0,2,2
2204032,"32. СРЕДНО УЧИЛИЩЕ С ИЗУЧАВАНЕ НА ЧУЖДИ  ЕЗИЦИ ""СВЕТИ КЛИМЕНТ ОХРИДСКИ"", ГР.СОФИЯ",2773,Чужди езици - АЕ интензивно  ИЕ,профилирана,1,0,1,1
2204032,"32. СРЕДНО УЧИЛИЩЕ С ИЗУЧАВАНЕ НА ЧУЖДИ  ЕЗИЦИ ""СВЕТИ КЛИМЕНТ ОХРИДСКИ"", ГР.СОФИЯ",2775,Чужди езици - АЕ интензивно  ФЕ,профилирана,1,0,0,0
2204032,"32. СРЕДНО УЧИЛИЩЕ С ИЗУЧАВАНЕ НА ЧУЖДИ  ЕЗИЦИ ""СВЕТИ КЛИМЕНТ ОХРИДСКИ"", ГР.СОФИЯ",2777,Чужди езици - АЕ интензивно  РЕ,профилирана,1,0,1,1
2204032,"32. СРЕДНО УЧИЛИЩЕ С ИЗУЧАВАНЕ НА ЧУЖДИ  ЕЗИЦИ ""СВЕТИ КЛИМЕНТ ОХРИДСКИ"", ГР.СОФИЯ",3371,"Софтуерни и хардуерни науки - АЕ интензивно, НЕ",профилирана,1,0,0,0
2204032,"32. СРЕДНО УЧИЛИЩЕ С ИЗУЧАВАНЕ НА ЧУЖДИ  ЕЗИЦИ ""СВЕТИ КЛИМЕНТ ОХРИДСКИ"", ГР.СОФИЯ",3372,"Природни науки - АЕ интензивно, ИЕ",профилирана,1,3,0,0
2204091,"91.НЕМСКА ЕЗИКОВА ГИМНАЗИЯ ,,Професор Константин Гълъбов"", ГР.СОФИЯ",2644,"Чужди езици - НЕ интензивно, АЕ",профилирана,7,0,0,2
2204134,"134. средно училище  ""Димчо Дебелянов"", ГР.СОФИЯ",1952,Чужди езици - АЕ интензивно Иврит,профилирана,1,1,0,0
2204134,"134. средно училище  ""Димчо Дебелянов"", ГР.СОФИЯ",1961,Природни науки - АЕ интензивно   Иврит,профилирана,1,0,0,0
2204134,"134. средно училище  ""Димчо Дебелянов"", ГР.СОФИЯ",1968,Софтуерни и хардуерни науки - АЕ интензивно   Иврит,профилирана,1,0,0,0
2204402,"НАЦИОНАЛНА ПРОФЕСИОНАЛНА  ГИМНАЗИЯ ПО ПРЕЦИЗНА ТЕХНИКА И ОПТИКА ""М. В. Ломоносов"", ГР.СОФИЯ",0317,"Медицинска техника - НЕ, АЕ",професионална,1,1,0,0
2204402,"НАЦИОНАЛНА ПРОФЕСИОНАЛНА  ГИМНАЗИЯ ПО ПРЕЦИЗНА ТЕХНИКА И ОПТИКА ""М. В. Ломоносов"", ГР.СОФИЯ",0319,"Измервателна и организационна техника - АЕ, НЕ",професионална,1,2,0,0
2204402,"НАЦИОНАЛНА ПРОФЕСИОНАЛНА  ГИМНАЗИЯ ПО ПРЕЦИЗНА ТЕХНИКА И ОПТИКА ""М. В. Ломоносов"", ГР.СОФИЯ",0321,"Кинотехника аудио- и видеосистеми - АЕ, НЕ",професионална,2,1,0,0
2204402,"НАЦИОНАЛНА ПРОФЕСИОНАЛНА  ГИМНАЗИЯ ПО ПРЕЦИЗНА ТЕХНИКА И ОПТИКА ""М. В. Ломоносов"", ГР.СОФИЯ",0324,"Очна оптика - АЕ, НЕ",професионална,1,2,0,0
2204402,"НАЦИОНАЛНА ПРОФЕСИОНАЛНА  ГИМНАЗИЯ ПО ПРЕЦИЗНА ТЕХНИКА И ОПТИКА ""М. В. Ломоносов"", ГР.СОФИЯ",0325,"Лазерна и оптична техника - АЕ, НЕ",професионална,1,1,0,0
2204402,"НАЦИОНАЛНА ПРОФЕСИОНАЛНА  ГИМНАЗИЯ ПО ПРЕЦИЗНА ТЕХНИКА И ОПТИКА ""М. В. Ломоносов"", ГР.СОФИЯ",0328,"Компютърна техника и технологии - АЕ, НЕ",професионална,1,2,0,0
2204403,"ПРОФЕСИОНАЛНА ГИМНАЗИЯ  ПО ТЕКСТИЛНИ И КОЖЕНИ ИЗДЕЛИЯ, ГР.СОФИЯ",1856,Бутикови облекла,професионална,1,11,0,0
2204403,"ПРОФЕСИОНАЛНА ГИМНАЗИЯ  ПО ТЕКСТИЛНИ И КОЖЕНИ ИЗДЕЛИЯ, ГР.СОФИЯ",1868,Конструиране моделиране и технология на обувни изделия (дуална),професионална,1,14,0,0
2204403,"ПРОФЕСИОНАЛНА ГИМНАЗИЯ  ПО ТЕКСТИЛНИ И КОЖЕНИ ИЗДЕЛИЯ, ГР.СОФИЯ",3251,"Моден дизайн - АЕ, РЕ",професионална,1,12,0,0
2204405,"ПРОФЕСИОНАЛНА ГИМНАЗИЯ ПО ПОДЕМНА, СТРОИТЕЛНА И ТРАНСПОРТНА ТЕХНИКА, ГР.СОФИЯ",2524,"Пътно-строителна техника - АЕ, РЕ",професионална,1,14,0,0
2204405,"ПРОФЕСИОНАЛНА ГИМНАЗИЯ ПО ПОДЕМНА, СТРОИТЕЛНА И ТРАНСПОРТНА ТЕХНИКА, ГР.СОФИЯ",2528,"Подемно-транспортна техника монтирана на пътни тр. средства - ФЕ, РЕ",професионална,1,12,0,0
2204405,"ПРОФЕСИОНАЛНА ГИМНАЗИЯ ПО ПОДЕМНА, СТРОИТЕЛНА И ТРАНСПОРТНА ТЕХНИКА, ГР.СОФИЯ",2612,"Електрически превозни средства - РЕ, АЕ",професионална,1,23,0,0
2204405,"ПРОФЕСИОНАЛНА ГИМНАЗИЯ ПО ПОДЕМНА, СТРОИТЕЛНА И ТРАНСПОРТНА ТЕХНИКА, ГР.СОФИЯ",3558,"Локомотиви и вагони - АЕ (дуална), РЕ",професионална,1,24,0,0
2204405,"ПРОФЕСИОНАЛНА ГИМНАЗИЯ ПО ПОДЕМНА, СТРОИТЕЛНА И ТРАНСПОРТНА ТЕХНИКА, ГР.СОФИЯ",3560,"Електрообзавеждане на железопътната техника - РЕ, АЕ",професионална,1,26,0,0
2204405,"ПРОФЕСИОНАЛНА ГИМНАЗИЯ ПО ПОДЕМНА, СТРОИТЕЛНА И ТРАНСПОРТНА ТЕХНИКА, ГР.СОФИЯ",3561,"Осигурителни и комуникационни системи в жп инфраструктура - АЕ, РЕ",професионална,1,26,0,0
2204405,"ПРОФЕСИОНАЛНА ГИМНАЗИЯ ПО ПОДЕМНА, СТРОИТЕЛНА И ТРАНСПОРТНА ТЕХНИКА, ГР.СОФИЯ",3562,"Ръководител движение - АЕ, РЕ",професионална,1,22,0,0
2205105,"105. СРЕДНО УЧИЛИЩЕ  ""АТАНАС ДАЛЧЕВ"", ГР.СОФИЯ",2514,"Чужди езици - ИтЕ интензивно, АЕ",профилирана,1,0,0,0
2205105,"105. СРЕДНО УЧИЛИЩЕ  ""АТАНАС ДАЛЧЕВ"", ГР.СОФИЯ",2532,"Софтуерни и хардуерни науки - АЕ интензивно, ИтЕ",профилирана,1,2,0,0
2205105,"105. СРЕДНО УЧИЛИЩЕ  ""АТАНАС ДАЛЧЕВ"", ГР.СОФИЯ",2543,"Екскурзоводско обслужване - ИтЕ интензивно, АЕ",професионална,1,5,0,0
2205119,"119 Средно училище ""Академик Михаил Арнаудов"", ГР.СОФИЯ",1522,"Хуманитарни науки - АЕ интензивно, РЕ/ФЕ",профилирана,1,5,0,0
2205119,"119 Средно училище ""Академик Михаил Арнаудов"", ГР.СОФИЯ",1526,"Природни науки - АЕ интензивно, РЕ/ФЕ",профилирана,1,1,0,0
2205119,"119 Средно училище ""Академик Михаил Арнаудов"", ГР.СОФИЯ",1532,"Чужди езици - РЕ интензивно, АЕ/ФЕ",профилирана,1,1,0,0
2205407,"СОФИЙСКА ПРОФЕСИОНАЛНА  ГИМНАЗИЯ по ЕЛЕКТРОНИКА ""Джон Атанасов"", ГР.СОФИЯ",2328,"Системно програмиране - АЕ, НЕ",професионална,1,1,0,0
2205407,"СОФИЙСКА ПРОФЕСИОНАЛНА  ГИМНАЗИЯ по ЕЛЕКТРОНИКА ""Джон Атанасов"", ГР.СОФИЯ",2338,"Приложно програмиране - АЕ, НЕ",професионална,1,1,0,0
2205407,"СОФИЙСКА ПРОФЕСИОНАЛНА  ГИМНАЗИЯ по ЕЛЕКТРОНИКА ""Джон Атанасов"", ГР.СОФИЯ",2360,"Компютърни мрежи - АЕ, НЕ",професионална,1,1,0,0
2205407,"СОФИЙСКА ПРОФЕСИОНАЛНА  ГИМНАЗИЯ по ЕЛЕКТРОНИКА ""Джон Атанасов"", ГР.СОФИЯ",2363,"Компютърна техника и технологии - АЕ, НЕ",професионална,2,3,0,0
2205407,"СОФИЙСКА ПРОФЕСИОНАЛНА  ГИМНАЗИЯ по ЕЛЕКТРОНИКА ""Джон Атанасов"", ГР.СОФИЯ",2366,"Микропроцесорна техника - АЕ, НЕ",професионална,1,2,0,0
2205407,"СОФИЙСКА ПРОФЕСИОНАЛНА  ГИМНАЗИЯ по ЕЛЕКТРОНИКА ""Джон Атанасов"", ГР.СОФИЯ",2372,"Промишлена електроника - АЕ, НЕ",професионална,1,1,0,0
2205408,"Софийска професионална гимназия  ""Княгиня Евдокия"", ГР.СОФИЯ",2837,"Съдебна администрация - АЕ, РЕ",професионална,1,1,0,0
2205408,"Софийска професионална гимназия  ""Княгиня Евдокия"", ГР.СОФИЯ",2840,"Икономическо информационно осигуряване - АЕ, РЕ",професионална,1,14,0,0
2205408,"Софийска професионална гимназия  ""Княгиня Евдокия"", ГР.СОФИЯ",2842,"Извършване на термални процедури - АЕ (дуална), РЕ",професионална,1,16,0,0
2205408,"Софийска професионална гимназия  ""Княгиня Евдокия"", ГР.СОФИЯ",2843,Фризьорство,професионална,1,8,0,0
2205408,"Софийска професионална гимназия  ""Княгиня Евдокия"", ГР.СОФИЯ",2845,Козметика,професионална,1,7,0,0
2205408,"Софийска професионална гимназия  ""Княгиня Евдокия"", ГР.СОФИЯ",2847,Маникюр педикюр и ноктопластика,професионална,1,11,0,0
2205408,"Софийска професионална гимназия  ""Княгиня Евдокия"", ГР.СОФИЯ",3381,"Промишлен дизайн - АЕ, РЕ",професионална,1,13,0,0
2205408,"Софийска професионална гимназия  ""Княгиня Евдокия"", ГР.СОФИЯ",3382,"Индустриални отношения - АЕ, РЕ",професионална,1,25,0,0
2206003,"3. СУ  ""Марин Дринов"", ГР.СОФИЯ",2913,"Изобразително изкуство - РЕ, АЕ",профилирана,1,7,0,0
2206003,"3. СУ  ""Марин Дринов"", ГР.СОФИЯ",2914,"Графичен дизайн - АЕ, РЕ",професионална,1,3,0,0
2206113,"113 СУ ""САВА ФИЛАРЕТОВ"", ГР.СОФИЯ",1648,Продавач-консултант /РЕ/,професионална,1,5,0,0
2206113,"113 СУ ""САВА ФИЛАРЕТОВ"", ГР.СОФИЯ",1676,Продавач-консултант /АЕ/,професионална,1,4,0,0
2212303,"33. Езикова гимназия  ""Света София"", ГР.СОФИЯ",2762,Чужди езици - АЕ интензивно НЕ,профилирана,1,5,0,0
2212303,"33. Езикова гимназия  ""Света София"", ГР.СОФИЯ",2767,Чужди езици - АЕ интензивно ИЕ,профилирана,1,7,0,0
2212303,"33. Езикова гимназия  ""Света София"", ГР.СОФИЯ",2774,Чужди езици - АЕ интензивно ФЕ или ГрЕ,профилирана,1,10,0,0
2212303,"33. Езикова гимназия  ""Света София"", ГР.СОФИЯ",2778,Чужди езици - ФЕ интензивно АЕ,профилирана,1,4,0,0
2212303,"33. Езикова гимназия  ""Света София"", ГР.СОФИЯ",2797,Екскурзоводско обслужване - АЕ интензивно РЕ,професионална,1,4,0,0
2206409,"Професионална гимназия по транспорт и енергетика  ""Хенри Форд"", ГР.СОФИЯ",1911,"Промишлена електроника - АЕ, РЕ/НЕ",професионална,1,8,0,0
2206409,"Професионална гимназия по транспорт и енергетика  ""Хенри Форд"", ГР.СОФИЯ",2343,Електрообзавеждане на ел. превозни средства за гр. транспорт (дуална),професионална,1,12,0,0
2206409,"Професионална гимназия по транспорт и енергетика  ""Хенри Форд"", ГР.СОФИЯ",2349,Електрообзавеждане на подемна и асансьорна техника (дуална),професионална,1,17,0,0
2206409,"Професионална гимназия по транспорт и енергетика  ""Хенри Форд"", ГР.СОФИЯ",2352,"Газова техника - АЕ (дуална), РЕ/НЕ",професионална,1,5,0,0
2206409,"Професионална гимназия по транспорт и енергетика  ""Хенри Форд"", ГР.СОФИЯ",2357,"Възобновяеми енергийни източници - АЕ (дуална), РЕ/НЕ",професионална,1,3,0,0
2206409,"Професионална гимназия по транспорт и енергетика  ""Хенри Форд"", ГР.СОФИЯ",2362,"Топлотехника - отоплителна климат. вентилационна и хладилна - АЕ (дуална), РЕ/НЕ",професионална,1,0,0,0
2206409,"Професионална гимназия по транспорт и енергетика  ""Хенри Форд"", ГР.СОФИЯ",2364,Автотранспортна техника - техник (дуална),професионална,1,0,0,0
2206409,"Професионална гимназия по транспорт и енергетика  ""Хенри Форд"", ГР.СОФИЯ",2367,"Автомобилна мехатроника - АЕ, РЕ/НЕ",професионална,1,1,0,0
2206409,"Професионална гимназия по транспорт и енергетика  ""Хенри Форд"", ГР.СОФИЯ",2376,"Автомобилна  мехатроника - АЕ (дуална), РЕ/НЕ",професионална,1,0,0,0
2206409,"Професионална гимназия по транспорт и енергетика  ""Хенри Форд"", ГР.СОФИЯ",2378,"Електрически превозни средства - АЕ, РЕ/НЕ",професионална,1,0,0,0
2206409,"Професионална гимназия по транспорт и енергетика  ""Хенри Форд"", ГР.СОФИЯ",2380,"Ремонт на летателни апарати - АЕ, РЕ/НЕ",професионална,1,0,0,0
2206409,"Професионална гимназия по транспорт и енергетика  ""Хенри Форд"", ГР.СОФИЯ",2383,Експлоатация на автомобилния транспорт,професионална,1,2,0,0
2206410,"ПРОФЕСИОНАЛНА ГИМНАЗИЯ ПО АУДИО-, ВИДЕО- И  ТЕЛЕКОМУНИКАЦИЯ ""А. С. ПОПОВ"", ГР.СОФИЯ",2752,"Компютърни мрежи - АЕ, ИЕ",професионална,1,3,0,0
2206410,"ПРОФЕСИОНАЛНА ГИМНАЗИЯ ПО АУДИО-, ВИДЕО- И  ТЕЛЕКОМУНИКАЦИЯ ""А. С. ПОПОВ"", ГР.СОФИЯ",2756,"Телекомуникационни системи - АЕ, РЕ",професионална,1,7,0,0
2206410,"ПРОФЕСИОНАЛНА ГИМНАЗИЯ ПО АУДИО-, ВИДЕО- И  ТЕЛЕКОМУНИКАЦИЯ ""А. С. ПОПОВ"", ГР.СОФИЯ",2760,"Приложно програмиране - АЕ интензивно, НЕ",професионална,1,3,0,0
2206410,"ПРОФЕСИОНАЛНА ГИМНАЗИЯ ПО АУДИО-, ВИДЕО- И  ТЕЛЕКОМУНИКАЦИЯ ""А. С. ПОПОВ"", ГР.СОФИЯ",2763,"Компютърна техника и технологии - АЕ, ИЕ",професионална,1,2,0,0
2206410,"ПРОФЕСИОНАЛНА ГИМНАЗИЯ ПО АУДИО-, ВИДЕО- И  ТЕЛЕКОМУНИКАЦИЯ ""А. С. ПОПОВ"", ГР.СОФИЯ",2765,"Микропроцесорна техника - АЕ, РЕ",професионална,1,1,0,0
2206410,"ПРОФЕСИОНАЛНА ГИМНАЗИЯ ПО АУДИО-, ВИДЕО- И  ТЕЛЕКОМУНИКАЦИЯ ""А. С. ПОПОВ"", ГР.СОФИЯ",2769,"Системно програмиране - АЕ интензивно, НЕ",професионална,1,0,0,0
2206410,"ПРОФЕСИОНАЛНА ГИМНАЗИЯ ПО АУДИО-, ВИДЕО- И  ТЕЛЕКОМУНИКАЦИЯ ""А. С. ПОПОВ"", ГР.СОФИЯ",3317,"Охранителна техника и системи за сигурност - АЕ, НЕ",професионална,1,3,0,0
2206411,"Професионална гимназия по хранително-вкусови технологии ""Проф. д-р Георги Павлов"", ГР.СОФИЯ",0448,"Производство на захар и захарни изделия - АЕ, РЕ",професионална,1,2,0,0
2206411,"Професионална гимназия по хранително-вкусови технологии ""Проф. д-р Георги Павлов"", ГР.СОФИЯ",0452,"Производство на месо месни продукти и риба - АЕ, РЕ",професионална,1,23,0,0
2206411,"Професионална гимназия по хранително-вкусови технологии ""Проф. д-р Георги Павлов"", ГР.СОФИЯ",0455,Производсто и преработка на мляко и млечни продукти,професионална,1,21,0,0
2206411,"Професионална гимназия по хранително-вкусови технологии ""Проф. д-р Георги Павлов"", ГР.СОФИЯ",3671,"Производство на месо, месни продукти и риба",професионална,1,14,0,0
2207068,"68. Средно училище ""Академик Никола Обрешков"", ГР.СОФИЯ",2629,"Софтуерни и хардуерни науки - АЕ, НЕ/РЕ",профилирана,1,3,0,0
2207068,"68. Средно училище ""Академик Никола Обрешков"", ГР.СОФИЯ",3634,"Природни науки - АЕ, НЕ/РЕ",профилирана,1,6,0,0
2207069,"69 Средно  училище ""Димитър Маринов"", ГР.СОФИЯ",0887,"Икономическо развитие - АЕ, РЕ",профилирана,1,3,0,0
2207108,"108 Средно училище  ""Никола Беловеждов"", ГР.СОФИЯ",1852,Предприемачески  - АЕ интензивно РЕ,профилирана,1,5,0,0
2207108,"108 Средно училище  ""Никола Беловеждов"", ГР.СОФИЯ",3675,Предприемачески - АЕ интензивно НЕ,профилирана,1,4,0,0
2207412,"ПРОФЕСИОНАЛНА ГИМНАЗИЯ  ПО ТРАНСПОРТ, ГР.СОФИЯ",1656,Митническа и данъчна администрация - АЕ,професионална,1,12,0,0
2207412,"ПРОФЕСИОНАЛНА ГИМНАЗИЯ  ПО ТРАНСПОРТ, ГР.СОФИЯ",1665,Спедиция транспортна и складова логистика - АЕ,професионална,1,18,0,0
2207412,"ПРОФЕСИОНАЛНА ГИМНАЗИЯ  ПО ТРАНСПОРТ, ГР.СОФИЯ",1677,Автомобилна мехатроника - АЕ,професионална,1,9,0,0
2207412,"ПРОФЕСИОНАЛНА ГИМНАЗИЯ  ПО ТРАНСПОРТ, ГР.СОФИЯ",1684,Автотранспортна техника - монтьор,професионална,1,13,0,0
2208017,"17 СУ ""Дамян Груев"", ГР.СОФИЯ",2371,"Чужди езици - ФЕ интензивно, ИтЕ/ИЕ",профилирана,1,21,0,0
2208017,"17 СУ ""Дамян Груев"", ГР.СОФИЯ",2379,"Туристическа анимация - ФЕ интензивно, ИтЕ/ИЕ",професионална,1,22,0,0
2208028,"28 Средно училище  ""Алеко Константинов"", ГР.СОФИЯ",0372,"Софтуерни и хардуерни науки - АЕ интензивно, ИЕ",профилирана,1,5,0,0
2208028,"28 Средно училище  ""Алеко Константинов"", ГР.СОФИЯ",0374,"Физическо възпитание и спорт - АЕ, ИЕ",профилирана,1,,,
2208123,"123 Средно училищe ""Стефан Стамболов"", ГР.СОФИЯ",0631,Логистика на товари и услуги /АЕ/,професионална,1,2,0,0
2208123,"123 Средно училищe ""Стефан Стамболов"", ГР.СОФИЯ",3674,Логистика на товари и услуги /НЕ/,професионална,1,6,0,0
2208135,"135 средно училище ""Ян Амос Коменски"", ГР.СОФИЯ",2783,"Социална работа с деца и семейства в риск - АЕ, РЕ",професионална,1,9,0,0
2208413,"Софийска гимназия  по хлебни   и сладкарски технологии, ГР.СОФИЯ",0547,"Производство на хляб хлебни и сладкарски изделия - АЕ, НЕ",професионална,1,5,0,0
2208413,"Софийска гимназия  по хлебни   и сладкарски технологии, ГР.СОФИЯ",0563,"Декорация на сладкарски изделия - АЕ, НЕ",професионална,1,11,0,0
2208413,"Софийска гимназия  по хлебни   и сладкарски технологии, ГР.СОФИЯ",0568,"Производство на сладкарски изделия - АЕ (дуална), НЕ",професионална,1,9,0,0
2208413,"Софийска гимназия  по хлебни   и сладкарски технологии, ГР.СОФИЯ",0573,"Производство на хляб и хлебни изделия - АЕ (дуална), НЕ",професионална,1,18,0,0
2209019,"19 СРЕДНО УЧИЛИЩЕ  ""ЕЛИН ПЕЛИН"", ГР.СОФИЯ",3394,Предприемачески - НЕ интензивно НорвЕ,профилирана,1,2,0,0
2209019,"19 СРЕДНО УЧИЛИЩЕ  ""ЕЛИН ПЕЛИН"", ГР.СОФИЯ",3396,Предприемачески - НЕ интензивно ДатЕ,профилирана,1,3,0,0
2209019,"19 СРЕДНО УЧИЛИЩЕ  ""ЕЛИН ПЕЛИН"", ГР.СОФИЯ",3399,"Предприемачески - АЕ интензивно, НЕ/НорвЕ/ДатЕ",профилирана,1,3,0,0
2209036,"36 Средно училище  ""Максим Горки"", ГР.СОФИЯ",0778,"Чужди езици - ИтЕ интензивно, АЕ",профилирана,1,4,0,0
2209036,"36 Средно училище  ""Максим Горки"", ГР.СОФИЯ",0784,"Природни науки - АЕ интензивно, ИтЕ",профилирана,1,4,0,0
2209051,"51 СРЕДНО УЧИЛИЩЕ ""ЕЛИСАВЕТА БАГРЯНА"", ГР.СОФИЯ",2276,"Компютърна графика - АЕ интензивно, НЕ",професионална,1,0,0,0
2209051,"51 СРЕДНО УЧИЛИЩЕ ""ЕЛИСАВЕТА БАГРЯНА"", ГР.СОФИЯ",2289,"Софтуерни и хардуерни науки - АЕ интензивно, ИтЕ",профилирана,1,1,0,0
2209051,"51 СРЕДНО УЧИЛИЩЕ ""ЕЛИСАВЕТА БАГРЯНА"", ГР.СОФИЯ",2291,"Изобразително изкуство - АЕ интензивно, ИтЕ",профилирана,1,1,0,0
2209132,"132. Средно училище  ""Ваня Войнова"", ГР.СОФИЯ",0423,"Софтуерни и хардуерни науки - АЕ, РЕ",профилирана,1,4,0,0
2209132,"132. Средно училище  ""Ваня Войнова"", ГР.СОФИЯ",0424,"Спортни-туристически дейности - помощник-инструктор АЕ, РЕ",професионална,1,12,0,0
2209132,"132. Средно училище  ""Ваня Войнова"", ГР.СОФИЯ",3191,Физическо възпитание и спорт,профилирана,1,,,
2209305,"203 Профилирана езикова гимназия ""Свети Методий"", ГР.СОФИЯ",2904,Чужди езици - АЕ интензивно  НЕ/РЕ,профилирана,1,6,0,0
2209305,"203 Профилирана езикова гимназия ""Свети Методий"", ГР.СОФИЯ",2907,Чужди езици - АЕ интензивно  ИЕ/РЕ,профилирана,1,4,0,0
2209305,"203 Профилирана езикова гимназия ""Свети Методий"", ГР.СОФИЯ",2909,Чужди езици - ИЕ интензивно  АЕ/НЕ,профилирана,1,7,0,0
2209305,"203 Профилирана езикова гимназия ""Свети Методий"", ГР.СОФИЯ",2910,"Предприемачески - АЕ интензивно, ИЕ/НЕ",профилирана,1,7,0,0
2209305,"203 Профилирана езикова гимназия ""Свети Методий"", ГР.СОФИЯ",3271,"Природни науки - АЕ интензивно, ИЕ/НЕ",профилирана,1,7,0,0
2210085,"85 Средно училище ""Отец Паисий"", ГР.СОФИЯ",1929,"Търговия на едро и дребно - АЕ, РЕ",професионална,1,11,0,0
2210117,"117. Средно училище  ""Свети свети Кирил и Методий"", ГР.БУХОВО",0975,Софтуерни и хардуерни науки,профилирана,1,4,0,0
2210162,"162 Обединено училище ""Отец Паисий"", ГР.СОФИЯ",2956,Предприемачески,профилирана,1,6,0,0
2211021,"21 СРЕДНО УЧИЛИЩЕ ""ХРИСТО БОТЕВ"", ГР.СОФИЯ",0906,"Предприемачески - АЕ интензивно, ИЕ",профилирана,1,1,0,0
2211021,"21 СРЕДНО УЧИЛИЩЕ ""ХРИСТО БОТЕВ"", ГР.СОФИЯ",3676,"Предприемачески - ИЕ интензивно, АЕ",профилирана,1,0,0,0
2211035,"35. СРЕДНО ЕЗИКОВО УЧИЛИЩЕ  ""ДОБРИ ВОЙНИКОВ"", ГР.СОФИЯ",0388,Чужди езици - НЕ интензивно РЕ БЕЛ,профилирана,1,1,0,0
2211035,"35. СРЕДНО ЕЗИКОВО УЧИЛИЩЕ  ""ДОБРИ ВОЙНИКОВ"", ГР.СОФИЯ",0389,Чужди езици - НЕ интензивно РЕ М,профилирана,1,0,0,2
2211035,"35. СРЕДНО ЕЗИКОВО УЧИЛИЩЕ  ""ДОБРИ ВОЙНИКОВ"", ГР.СОФИЯ",0390,Чужди езици - ФЕ интензивно РЕ БЗО,профилирана,1,0,0,0
2211035,"35. СРЕДНО ЕЗИКОВО УЧИЛИЩЕ  ""ДОБРИ ВОЙНИКОВ"", ГР.СОФИЯ",0392,Чужди езици - ФЕ интензивно РЕ М,профилирана,1,0,0,1
2211035,"35. СРЕДНО ЕЗИКОВО УЧИЛИЩЕ  ""ДОБРИ ВОЙНИКОВ"", ГР.СОФИЯ",3505,Природни науки - БЗО ХООС НЕ интензивно РЕ,профилирана,1,0,0,1
2211304,"Национална природо-математическа  гимназия ""Академик Любомир Чакалов"", ГР.СОФИЯ",0814,Математически - АЕ М Инф,профилирана,1,0,0,0
2211304,"Национална природо-математическа  гимназия ""Академик Любомир Чакалов"", ГР.СОФИЯ",0821,Математически - НЕ М Инф,профилирана,1,1,0,0
2211304,"Национална природо-математическа  гимназия ""Академик Любомир Чакалов"", ГР.СОФИЯ",0830,Математически - АЕ ФА М,профилирана,1,0,0,0
2211304,"Национална природо-математическа  гимназия ""Академик Любомир Чакалов"", ГР.СОФИЯ",0835,Природни науки - АЕ БЗО ХООС,профилирана,1,0,0,0
2211304,"Национална природо-математическа  гимназия ""Академик Любомир Чакалов"", ГР.СОФИЯ",0843,Природни науки - АЕ ХООС БЗО,профилирана,1,0,0,0
2211304,"Национална природо-математическа  гимназия ""Академик Любомир Чакалов"", ГР.СОФИЯ",0847,Икономическо развитие - АЕ,профилирана,1,0,0,0
2211304,"Национална природо-математическа  гимназия ""Академик Любомир Чакалов"", ГР.СОФИЯ",3305,Природни науки - НЕ БЗО ХООС,профилирана,1,0,0,0
2211417,"Професионална гимназия по облекло  ""Княгиня Мария Луиза"", ГР.СОФИЯ",0462,"Моден дизайн - ИтЕ, АЕ",професионална,1,0,0,0
2211417,"Професионална гимназия по облекло  ""Княгиня Мария Луиза"", ГР.СОФИЯ",0472,"Бутикови облекла - ИтЕ, АЕ",професионална,1,4,0,0
2211417,"Професионална гимназия по облекло  ""Княгиня Мария Луиза"", ГР.СОФИЯ",0476,"Моден дизайн - АЕ, ФЕ",професионална,1,5,0,0
2211417,"Професионална гимназия по облекло  ""Княгиня Мария Луиза"", ГР.СОФИЯ",0491,"Конструиране, моделиране и технология на облекло от текстил - АЕ, ИтЕ",професионална,1,3,0,0
2211417,"Професионална гимназия по облекло  ""Княгиня Мария Луиза"", ГР.СОФИЯ",0505,"Сценичен костюм - АЕ, ИтЕ",професионална,1,5,0,0
2211419,"СОФИЙСКА ГИМНАЗИЯ ПО СТРОИТЕЛСТВО, АРХИТЕКТУРА И ГЕОДЕЗИЯ  ""ХРИСТО БОТЕВ"", ГР.СОФИЯ",0719,Строителство и архитектура - АЕ,професионална,1,2,0,0
2211419,"СОФИЙСКА ГИМНАЗИЯ ПО СТРОИТЕЛСТВО, АРХИТЕКТУРА И ГЕОДЕЗИЯ  ""ХРИСТО БОТЕВ"", ГР.СОФИЯ",0735,Водно строителство - АЕ,професионална,1,0,0,0
2211419,"СОФИЙСКА ГИМНАЗИЯ ПО СТРОИТЕЛСТВО, АРХИТЕКТУРА И ГЕОДЕЗИЯ  ""ХРИСТО БОТЕВ"", ГР.СОФИЯ",0748,Транспортно строителство - АЕ,професионална,1,0,0,0
2211419,"СОФИЙСКА ГИМНАЗИЯ ПО СТРОИТЕЛСТВО, АРХИТЕКТУРА И ГЕОДЕЗИЯ  ""ХРИСТО БОТЕВ"", ГР.СОФИЯ",0762,Геодезия - АЕ,професионална,1,1,0,0
2211419,"СОФИЙСКА ГИМНАЗИЯ ПО СТРОИТЕЛСТВО, АРХИТЕКТУРА И ГЕОДЕЗИЯ  ""ХРИСТО БОТЕВ"", ГР.СОФИЯ",0772,Парково строителство и озеленяване - АЕ,професионална,1,0,0,0
2211419,"СОФИЙСКА ГИМНАЗИЯ ПО СТРОИТЕЛСТВО, АРХИТЕКТУРА И ГЕОДЕЗИЯ  ""ХРИСТО БОТЕВ"", ГР.СОФИЯ",0838,Брокер недвижими имоти - АЕ,професионална,1,2,0,0
2211419,"СОФИЙСКА ГИМНАЗИЯ ПО СТРОИТЕЛСТВО, АРХИТЕКТУРА И ГЕОДЕЗИЯ  ""ХРИСТО БОТЕВ"", ГР.СОФИЯ",0973,Строителство и архитектура - НЕ,професионална,1,1,0,0
2211420,"НАЦИОНАЛНА ФИНАНСОВО-СТОПАНСКА ГИМНАЗИЯ, ГР.СОФИЯ",2749,Икономическа информатика - АЕ,професионална,1,0,0,0
2211420,"НАЦИОНАЛНА ФИНАНСОВО-СТОПАНСКА ГИМНАЗИЯ, ГР.СОФИЯ",2754,Икономика и мениджмънт - АЕ,професионална,2,3,0,0
2211420,"НАЦИОНАЛНА ФИНАНСОВО-СТОПАНСКА ГИМНАЗИЯ, ГР.СОФИЯ",2764,Икономика и мениджмънт - НЕ,професионална,1,1,0,0
2211420,"НАЦИОНАЛНА ФИНАНСОВО-СТОПАНСКА ГИМНАЗИЯ, ГР.СОФИЯ",2768,Икономика и мениджмънт - ФЕ,професионална,1,0,0,0
2211420,"НАЦИОНАЛНА ФИНАНСОВО-СТОПАНСКА ГИМНАЗИЯ, ГР.СОФИЯ",2798,Търговия - НЕ (дуална),професионална,1,1,0,0
2211420,"НАЦИОНАЛНА ФИНАНСОВО-СТОПАНСКА ГИМНАЗИЯ, ГР.СОФИЯ",3603,Икономическа информатика - НЕ,професионална,1,0,0,0
2211420,"НАЦИОНАЛНА ФИНАНСОВО-СТОПАНСКА ГИМНАЗИЯ, ГР.СОФИЯ",3604,Икономика и мениджмънт - ИЕ,професионална,1,0,0,0
2212027,"27. Средно училище ""Акад. Георги Караславов"", ГР.СОФИЯ",2387,Софтуерни и хардуерни науки,профилирана,1,9,0,0
2212037,"37. Средно училище ""Райна Княгиня"", ГР.СОФИЯ",2110,"Предприемачески - АЕ интензивно, РЕ",профилирана,1,6,0,0
2212037,"37. Средно училище ""Райна Княгиня"", ГР.СОФИЯ",3544,"Малък и среден бизнес - АЕ, РЕ",професионална,1,5,0,0
2212040,"40 Средно училище  ""Луи Пастьор"", ГР.СОФИЯ",0508,"Софтуерни и хардуерни науки - АЕ интензивно, РЕ",профилирана,1,4,0,0
2212056,"56. Средно училище  ""Професор Константин Иречек"", ГР.СОФИЯ",2200,"Икономическо развитие - АЕ интензивно, ИЕ",профилирана,1,9,0,0
2212056,"56. Средно училище  ""Професор Константин Иречек"", ГР.СОФИЯ",3639,"Предприемачески - НЕ интензивно, АЕ",профилирана,1,17,0,0
2212056,"56. Средно училище  ""Професор Константин Иречек"", ГР.СОФИЯ",3640,"Електронна търговия - АЕ, НЕ",професионална,1,8,0,0
2212079,"79 средно училище ""Индира Ганди"", ГР.СОФИЯ",2427,"Софтуерни и хардуерни науки - АЕ интензивно, ИЕ",профилирана,2,19,0,0
2212090,"90 Средно училище  ""Генерал Хосе де Сан Мартин"", ГР.СОФИЯ",1384,"Предприемачески - ИЕ, АЕ",профилирана,1,9,0,0
2212090,"90 Средно училище  ""Генерал Хосе де Сан Мартин"", ГР.СОФИЯ",1390,"Природни науки - АЕ, ИЕ",профилирана,1,13,0,0
2212096,"96 Средно училище ""Лев Николаевич Толстой"", ГР.СОФИЯ",0903,"Обществени науки - АЕ интензивно, ИЕ/РЕ",профилирана,1,2,0,0
2212096,"96 Средно училище ""Лев Николаевич Толстой"", ГР.СОФИЯ",3318,"Софтуерни и хардуерни науки - АЕ интензивно, ИЕ/РЕ",профилирана,1,0,0,0
2212097,"97 Средно училище  ""Братя Миладинови"", ГР.СОФИЯ",2506,Софтуерни и хардуерни науки - АЕ интензивно,профилирана,1,1,0,0
2212097,"97 Средно училище  ""Братя Миладинови"", ГР.СОФИЯ",2512,Търговия - АЕ (дуална),професионална,1,3,0,0
2212097,"97 Средно училище  ""Братя Миладинови"", ГР.СОФИЯ",3037,Предприемачески - АЕ,профилирана,1,2,0,0
2212137,"137 средно училище  ""Ангел Кънчев"", ГР.СОФИЯ",1834,"Предприемачески - АЕ интензивно, НЕ",профилирана,1,1,0,0
2212137,"137 средно училище  ""Ангел Кънчев"", ГР.СОФИЯ",1838,"Хуманитарни науки - АЕ интензивно, НЕ",профилирана,1,3,0,0
2212137,"137 средно училище  ""Ангел Кънчев"", ГР.СОФИЯ",1844,"Софтуерни и хардуерни науки - АЕ интензивно, НЕ",профилирана,1,2,0,0
2213010,"10 Средно училище  "" Теодор Траянов "", ГР.СОФИЯ",2101,"Обществени науки - АЕ, РЕ",профилирана,1,4,0,0
2213010,"10 Средно училище  "" Теодор Траянов "", ГР.СОФИЯ",3075,"Природни науки - АЕ, РЕ",профилирана,1,12,0,0
2213039,"39 Средно училище ""Петър Динеков"", ГР.СОФИЯ",1802,"Софтуерни и хардуерни науки - АЕ интензивно, ИЕ",профилирана,1,8,0,0
2213081,"81. Средно училище  ""Виктор Юго"", ГР.СОФИЯ",2566,Чужди езици - АЕ интензивно,профилирана,1,2,0,0
2213081,"81. Средно училище  ""Виктор Юго"", ГР.СОФИЯ",2579,Хуманитарни науки,профилирана,1,7,0,0
2213118,"118 Средно училище  ""Академик Людмил Стоянов"", ГР.СОФИЯ",2943,"Софтуерни и хардуерни науки - АЕ интензивно, ФЕ",профилирана,1,0,0,0
2213125,"125 СУ ""Боян Пенев"" с изучаване на чужди езици, ГР.СОФИЯ",1546,"Хуманитарни науки - АЕ интензивно, РЕ",профилирана,1,2,0,0
2213125,"125 СУ ""Боян Пенев"" с изучаване на чужди езици, ГР.СОФИЯ",1557,"Математически - АЕ интензивно, РЕ",профилирана,1,6,0,0
2213128,"128 СРЕДНО УЧИЛИЩЕ ""АЛБЕРТ АЙНЩАЙН"", ГР.СОФИЯ",1660,"Софтуерни и хардуерни науки - АЕ, НЕ/РЕ",профилирана,1,1,0,0
2213128,"128 СРЕДНО УЧИЛИЩЕ ""АЛБЕРТ АЙНЩАЙН"", ГР.СОФИЯ",1670,"Икономическо информационно осигуряване - АЕ, НЕ/РЕ",професионална,1,2,0,0
2213131,"131. СУ ""Климент Аркадиевич Тимирязев"", ГР.СОФИЯ",2449,Търговия на едро и дребно,професионална,1,15,0,0
2213131,"131. СУ ""Климент Аркадиевич Тимирязев"", ГР.СОФИЯ",2454,Предприемачески,профилирана,1,11,0,0
2213144,"144 Средно училище ""Народни будители"", ГР.СОФИЯ",1118,"Музика - АЕ, РЕ/ИЕ",профилирана,1,2,0,0
2213144,"144 Средно училище ""Народни будители"", ГР.СОФИЯ",1123,"Рекламна графика - АЕ, РЕ/ИЕ",професионална,1,2,0,0
2213144,"144 Средно училище ""Народни будители"", ГР.СОФИЯ",1142,"Български танци - АЕ, РЕ/ИЕ",професионална,1,2,0,0
2213144,"144 Средно училище ""Народни будители"", ГР.СОФИЯ",3559,"Рекламна графика - ИЕ, РЕ/АЕ",професионална,1,5,0,0
2213350,"Технологично училище ""Електронни системи"" към Технически Университет - София, ГР.СОФИЯ",2127,"Системно програмиране - АЕ, РЕ",професионална,3,1,0,0
2213350,"Технологично училище ""Електронни системи"" към Технически Университет - София, ГР.СОФИЯ",2132,"Компютърни мрежи - АЕ, РЕ",професионална,1,1,0,0
2214015,"15 Средно училище "" Адам Мицкевич"", ГР.СОФИЯ",2582,"Предприемачески - АЕ, НЕ/РЕ",профилирана,1,18,0,0
2214015,"15 Средно училище "" Адам Мицкевич"", ГР.СОФИЯ",3015,Предприемачески,профилирана,1,12,0,0
2214054,"54. СРЕДНО УЧИЛИЩЕ ""Свети ИВАН РИЛСКИ"", ГР.СОФИЯ",0749,Чужди езици - АЕ интензивно  ИЕ,профилирана,1,5,0,0
2214054,"54. СРЕДНО УЧИЛИЩЕ ""Свети ИВАН РИЛСКИ"", ГР.СОФИЯ",0758,Софтуерни и хардуерни науки - АЕ интензивно   НЕ,профилирана,1,3,0,0
2214101,"101. СРЕДНО УЧИЛИЩЕ ""БАЧО КИРО"", ГР.СОФИЯ",2886,"Икономическо развитие - АЕ интензивно, НЕ",профилирана,1,4,0,0
2214101,"101. СРЕДНО УЧИЛИЩЕ ""БАЧО КИРО"", ГР.СОФИЯ",2889,"Софтуерни и хардуерни науки - АЕ интензивно, НЕ",профилирана,1,1,0,0
2214101,"101. СРЕДНО УЧИЛИЩЕ ""БАЧО КИРО"", ГР.СОФИЯ",3656,"Търговия на едро и дребно  - АЕ, НЕ",професионална,1,9,0,0
2215170,"170 Средно  училище ""Васил Левски"", ГР.НОВИ ИСКЪР",2972,Организация на туризма и свободното време - АЕ,професионална,1,10,0,0
2215170,"170 Средно  училище ""Васил Левски"", ГР.НОВИ ИСКЪР",3451,Електронна търговия - АЕ,професионална,1,3,0,0
2215172,"172 Обединено училище ""Христо Ботев"", ГР.НОВИ ИСКЪР",2807,Производство на облекло от текстил,професионална,1,11,0,0
2215176,"176 Обединено училище ""Св. Св. Кирил и Методий"", С.НЕГОВАН",2460,"Софтуерни и хардуерни науки - АЕ, РЕ",профилирана,1,23,0,0
2216001,"1 Средно  училище  ""Пенчо П. Славейков"", ГР.СОФИЯ",1831,Чужди езици - ИЕ интензивно АЕ,профилирана,1,2,0,0
2216001,"1 Средно  училище  ""Пенчо П. Славейков"", ГР.СОФИЯ",1900,"Природни науки - Биология и здравно образование - ИЕ интнензивно, АЕ",профилирана,1,2,0,0
2216001,"1 Средно  училище  ""Пенчо П. Славейков"", ГР.СОФИЯ",1906,Чужди езици - АЕ интензивно ИЕ,профилирана,1,1,0,0
2216001,"1 Средно  училище  ""Пенчо П. Славейков"", ГР.СОФИЯ",1907,"Природни науки - Биология и здравно образование - АЕ интензивно, ИЕ",профилирана,1,1,0,0
2216164,"164. гимназия с преподаване  на испански език ""Мигел де Сервантес"", ГР.СОФИЯ",2561,Чужди езици - ИЕ интензивно АЕ,профилирана,1,0,2,0
2216164,"164. гимназия с преподаване  на испански език ""Мигел де Сервантес"", ГР.СОФИЯ",2562,Чужди езици - ИЕ интензивно ФЕ,профилирана,2,0,1,2
2216164,"164. гимназия с преподаване  на испански език ""Мигел де Сервантес"", ГР.СОФИЯ",2564,Чужди езици - ИЕ интензивно ИтЕ,профилирана,2,0,1,0
2216164,"164. гимназия с преподаване  на испански език ""Мигел де Сервантес"", ГР.СОФИЯ",2569,Чужди езици - ИЕ интензивно ПортЕ,профилирана,1,0,1,0
2216301,"Първа английска езикова гимназия, ГР.СОФИЯ",0649,Чужди езици - АЕ интензивно РЕ,профилирана,1,0,1,0
2216301,"Първа английска езикова гимназия, ГР.СОФИЯ",0672,Чужди езици - АЕ интензивно ИЕ,профилирана,2,0,0,1
2216301,"Първа английска езикова гимназия, ГР.СОФИЯ",0727,Чужди езици - АЕ интензивно НЕ,профилирана,2,0,1,1
2216301,"Първа английска езикова гимназия, ГР.СОФИЯ",0752,Чужди езици - АЕ интензивно ФЕ,профилирана,2,0,0,2
2216301,"Първа английска езикова гимназия, ГР.СОФИЯ",3349,Предприемачество - АЕ интензивно НЕ,профилирана,1,0,1,0
2216306,"Софийска математическа гимназия  ""Паисий Хилендарски"", ГР.СОФИЯ",2277,"Математически - АЕ, НЕ",профилирана,4,3,0,0
2216306,"Софийска математическа гимназия  ""Паисий Хилендарски"", ГР.СОФИЯ",2278,"Математически - НЕ интензивно, АЕ",профилирана,2,0,0,0
2216422,"Професионална гимназия по  механоелектротехника ""Н.Й.Вапцаров"", ГР.СОФИЯ",2173,Металообработващи машини,професионална,1,21,0,0
2216422,"Професионална гимназия по  механоелектротехника ""Н.Й.Вапцаров"", ГР.СОФИЯ",2177,Електрообзавеждане на производството - електромонтьор,професионална,1,13,0,0
2216422,"Професионална гимназия по  механоелектротехника ""Н.Й.Вапцаров"", ГР.СОФИЯ",2193,"Промишлена електроника - АЕ, НЕ",професионална,1,21,0,0
2216423,"СОФИЙСКА ПРОФЕСИОНАЛНА ГИМНАЗИЯ ПО ТУРИЗЪМ, ГР.СОФИЯ",1277,Кетъринг - РЕ,професионална,1,2,0,0
2216423,"СОФИЙСКА ПРОФЕСИОНАЛНА ГИМНАЗИЯ ПО ТУРИЗЪМ, ГР.СОФИЯ",1281,Кетъринг - ИЕ,професионална,1,1,0,0
2216423,"СОФИЙСКА ПРОФЕСИОНАЛНА ГИМНАЗИЯ ПО ТУРИЗЪМ, ГР.СОФИЯ",1283,Производство и обслужване в заведенията за хранене и развлечения - ИтЕ,професионална,1,2,0,0
2216423,"СОФИЙСКА ПРОФЕСИОНАЛНА ГИМНАЗИЯ ПО ТУРИЗЪМ, ГР.СОФИЯ",1284,Производство и обслужване в заведенията за хранене и развлечения - НЕ,професионална,1,1,0,0
2216423,"СОФИЙСКА ПРОФЕСИОНАЛНА ГИМНАЗИЯ ПО ТУРИЗЪМ, ГР.СОФИЯ",1285,Организация на хотелиерството - АЕ,професионална,1,2,0,0
2216423,"СОФИЙСКА ПРОФЕСИОНАЛНА ГИМНАЗИЯ ПО ТУРИЗЪМ, ГР.СОФИЯ",1286,Организация на обслужването в хотелиерството - АЕ,професионална,1,1,0,0
2216423,"СОФИЙСКА ПРОФЕСИОНАЛНА ГИМНАЗИЯ ПО ТУРИЗЪМ, ГР.СОФИЯ",1287,Екскурзоводско обслужване - АЕ,професионална,1,2,0,0
2217066,"66 Средно училище ""Филип Станиславов"", ГР.СОФИЯ",1439,Предприемачески,профилирана,1,7,0,0
2217088,"88. Средно училище  ""Димитър Попниколов"", ГР.СОФИЯ",1353,"Чужди езици - АЕ интензивно, ИЕ/РЕ",профилирана,1,3,0,0
2217088,"88. Средно училище  ""Димитър Попниколов"", ГР.СОФИЯ",1356,"Туристическа анимация - АЕ интензивно, ИЕ/РЕ",професионална,1,5,0,0
2217149,"149  Средно училище ,,Иван Хаджийски"", ГР.СОФИЯ",1060,"Софтуерни и хардуерни науки - АЕ интензивно, РЕ",профилирана,1,3,0,0
2217151,"НАЦИОНАЛНО СРЕДНО УЧИЛИЩЕ ""СОФИЯ"", ГР.СОФИЯ",2687,"Природни науки - АЕ, РЕ",профилирана,1,11,0,0
2217151,"НАЦИОНАЛНО СРЕДНО УЧИЛИЩЕ ""СОФИЯ"", ГР.СОФИЯ",2692,"Изобразително изкуство - АЕ, РЕ",профилирана,1,6,0,0
2217424,"ПРОФЕСИОНАЛНА ГИМНАЗИЯ  ПО ЕЛЕКТРОТЕХНИКА И АВТОМАТИКА, ГР.СОФИЯ",2115,"Компютърни мрежи - АЕ, НЕ/РЕ",професионална,1,12,0,0
2217424,"ПРОФЕСИОНАЛНА ГИМНАЗИЯ  ПО ЕЛЕКТРОТЕХНИКА И АВТОМАТИКА, ГР.СОФИЯ",2123,"Компютърна техника и технологии - АЕ, НЕ/РЕ",професионална,1,9,0,0
2217424,"ПРОФЕСИОНАЛНА ГИМНАЗИЯ  ПО ЕЛЕКТРОТЕХНИКА И АВТОМАТИКА, ГР.СОФИЯ",2133,"Системно програмиране - АЕ, НЕ/РЕ",професионална,2,10,0,0
2217424,"ПРОФЕСИОНАЛНА ГИМНАЗИЯ  ПО ЕЛЕКТРОТЕХНИКА И АВТОМАТИКА, ГР.СОФИЯ",2138,"Приложно програмиране - АЕ, НЕ/РЕ",професионална,2,24,0,0
2217424,"ПРОФЕСИОНАЛНА ГИМНАЗИЯ  ПО ЕЛЕКТРОТЕХНИКА И АВТОМАТИКА, ГР.СОФИЯ",2147,"Автоматизация на непрекъснати производства - АЕ, НЕ/РЕ",професионална,1,24,0,0
2217424,"ПРОФЕСИОНАЛНА ГИМНАЗИЯ  ПО ЕЛЕКТРОТЕХНИКА И АВТОМАТИКА, ГР.СОФИЯ",3081,"Електродомакинска техника - АЕ, НЕ/РЕ",професионална,1,0,0,0
2217424,"ПРОФЕСИОНАЛНА ГИМНАЗИЯ  ПО ЕЛЕКТРОТЕХНИКА И АВТОМАТИКА, ГР.СОФИЯ",3082,"Охранителна техника и системи за сигурност - АЕ, НЕ/РЕ",професионална,1,24,0,0
2217424,"ПРОФЕСИОНАЛНА ГИМНАЗИЯ  ПО ЕЛЕКТРОТЕХНИКА И АВТОМАТИКА, ГР.СОФИЯ",3670,"Електрически инсталации - АЕ, НЕ/РЕ",професионална,1,18,0,0
2217426,"ПРОФЕСИОНАЛНА ГИМНАЗИЯ  ПО СЕЛСКО СТОПАНСТВО ""БУЗЕМА"", ГР.СОФИЯ",2901,Трайни насаждения,професионална,1,18,0,0
2217426,"ПРОФЕСИОНАЛНА ГИМНАЗИЯ  ПО СЕЛСКО СТОПАНСТВО ""БУЗЕМА"", ГР.СОФИЯ",2903,Цветарство,професионална,1,12,0,0
2217426,"ПРОФЕСИОНАЛНА ГИМНАЗИЯ  ПО СЕЛСКО СТОПАНСТВО ""БУЗЕМА"", ГР.СОФИЯ",2905,Каменоделство,професионална,1,19,0,0
2218071,"71 Средно училище ""Пейо Яворов"", С.КАЗИЧЕНЕ",1725,Икономическо развитие,профилирана,1,15,0,0
2218192,"192. СРЕДНО УЧИЛИЩЕ  ""ХРИСТО БОТЕВ"", С.БИСТРИЦА",2952,Туристическа анимация,професионална,1,6,0,0
2219024,"24 Средно училище  ""П.К.Яворов"", ГР.СОФИЯ",2439,Предприемачески,профилирана,1,7,0,0
2219044,"44. Средно училище ""Неофит Бозвели"", ГР.СОФИЯ",1536,"Софтуерни и хардуерни науки - АЕ интензивно, ИЕ",профилирана,1,1,0,0
2219044,"44. Средно училище ""Неофит Бозвели"", ГР.СОФИЯ",1538,"Софтуерни и хардуерни науки - НЕ интензивно, АЕ",профилирана,1,1,0,0
2219095,"95 СУ ""Проф. Иван Шишманов"", ГР.СОФИЯ",2359,Чужди езици - РЕ интензивно АЕ,профилирана,1,11,0,0
2219095,"95 СУ ""Проф. Иван Шишманов"", ГР.СОФИЯ",2459,"Природни науки - АЕ интензивно, РЕ",профилирана,1,9,0,0
2219095,"95 СУ ""Проф. Иван Шишманов"", ГР.СОФИЯ",3354,"Предприемачески - АЕ интензивно, РЕ",профилирана,1,4,0,0
2219130,"130. средно училище ""Стефан Караджа"", ГР.СОФИЯ",2236,Продавач-консултант,професионална,1,24,0,0
2219130,"130. средно училище ""Стефан Караджа"", ГР.СОФИЯ",3506,"Икономическо развитие - АЕ, НЕ",профилирана,1,11,0,0
2220014,"14. СРЕДНО УЧИЛИЩЕ ""Проф. д-р Асен Златаров"", ГР.СОФИЯ",1312,"Обществени науки - АЕ, РЕ",профилирана,1,10,0,0
2220029,"29. Средно училище  ""Кузман Шапкарев"", ГР.СОФИЯ",2408,"Софтуерни и хардуерни науки - АЕ интензивно, РЕ/ФЕ",профилирана,1,3,0,0
2220029,"29. Средно училище  ""Кузман Шапкарев"", ГР.СОФИЯ",3515,Софтуерни и хардуерни науки,профилирана,1,3,0,0
2220059,"59 ОБЕДИНЕНО УЧИЛИЩЕ  ""ВАСИЛ ЛЕВСКИ"", ГР.СОФИЯ",1530,Готвач,професионална,1,7,0,0
2204311,"Профилирана гимназия с интензивно изучаване на румънски език  ""МИХАЙ ЕМИНЕСКУ"", ГР.СОФИЯ",2934,"Чужди езици - РумЕ интензивно, АЕ",профилирана,1,9,0,0
2204311,"Профилирана гимназия с интензивно изучаване на румънски език  ""МИХАЙ ЕМИНЕСКУ"", ГР.СОФИЯ",2935,Чужди езици - ИЕ интензивно РумЕ,профилирана,1,8,0,0
2220308,"Профилирана гимназия за изобразителни изкуства  ""Професор Николай Райнов"", ГР.СОФИЯ",1572,Компютърна графика,професионална,1,0,0,0
2221023,"23 Средно училище ""Фредерик Жолио-Кюри"", ГР.СОФИЯ",0916,"Чужди езици - ИтЕ интензивно, АЕ",профилирана,1,1,0,0
2221023,"23 Средно училище ""Фредерик Жолио-Кюри"", ГР.СОФИЯ",0930,"Предприемачески - АЕ, ИтЕ/ФЕ",профилирана,1,1,0,0
2221023,"23 Средно училище ""Фредерик Жолио-Кюри"", ГР.СОФИЯ",0939,"Икономическо развитие - АЕ, ИтЕ/ФЕ",профилирана,1,0,0,0
2221031,"31 Средно училище за чужди езици  и математика ""Иван Вазов"", ГР.СОФИЯ",2755,Чужди езици - АЕ интензивно   ИЕ,профилирана,1,1,0,0
2221031,"31 Средно училище за чужди езици  и математика ""Иван Вазов"", ГР.СОФИЯ",2759,Чужди езици - НЕ интензивно   АЕ,профилирана,1,2,0,0
2221031,"31 Средно училище за чужди езици  и математика ""Иван Вазов"", ГР.СОФИЯ",2766,Чужди езици - ИЕ интензивно   АЕ,профилирана,1,1,0,0
2221031,"31 Средно училище за чужди езици  и математика ""Иван Вазов"", ГР.СОФИЯ",3018,"Математически - АЕ интензивно, НЕ",профилирана,2,8,0,0
2221093,"93-то Средно училище ""Александър Теодоров - Балан"", ГР.СОФИЯ",2876,"Обществени науки - РЕ интензивно, АЕ",профилирана,1,2,0,0
2221093,"93-то Средно училище ""Александър Теодоров - Балан"", ГР.СОФИЯ",2878,"Обществени науки - АЕ интензивно, РЕ",профилирана,1,3,0,0
2221094,"94 СРЕДНО УЧИЛИЩЕ ""Димитър Страшимиров"", ГР.СОФИЯ",2525,Предприемачески,профилирана,1,5,0,0
2221094,"94 СРЕДНО УЧИЛИЩЕ ""Димитър Страшимиров"", ГР.СОФИЯ",2535,Производство на облекло от текстил,професионална,1,7,0,0
2221094,"94 СРЕДНО УЧИЛИЩЕ ""Димитър Страшимиров"", ГР.СОФИЯ",2539,Логистика на товари и услуги,професионална,2,26,0,0
2221138,"138. СРЕДНО УЧИЛИЩЕ ЗА ЗАПАДНИ И ИЗТОЧНИ ЕЗИЦИ ""ПРОФ. ВАСИЛ ЗЛАТАРСКИ"", ГР.СОФИЯ",1354,Математически - АЕ интензивно ИЕ,профилирана,1,1,0,0
2221138,"138. СРЕДНО УЧИЛИЩЕ ЗА ЗАПАДНИ И ИЗТОЧНИ ЕЗИЦИ ""ПРОФ. ВАСИЛ ЗЛАТАРСКИ"", ГР.СОФИЯ",2451,Чужди езици - КитЕ интензивно    АЕ,профилирана,1,2,0,0
2221138,"138. СРЕДНО УЧИЛИЩЕ ЗА ЗАПАДНИ И ИЗТОЧНИ ЕЗИЦИ ""ПРОФ. ВАСИЛ ЗЛАТАРСКИ"", ГР.СОФИЯ",2456,Чужди езици - ЯЕ интензивно   АЕ,профилирана,1,0,0,0
2221138,"138. СРЕДНО УЧИЛИЩЕ ЗА ЗАПАДНИ И ИЗТОЧНИ ЕЗИЦИ ""ПРОФ. ВАСИЛ ЗЛАТАРСКИ"", ГР.СОФИЯ",2466,Организация на туризма и свободното време - АЕ интензивно КорЕ,професионална,1,0,0,0
2221157,"157 Гимназия с изучаване на чужд език ""Сесар Вайехо"", ГР.СОФИЯ",1023,"Чужди езици - ИЕ интензивно, АЕ",профилирана,5,14,0,0
2221430,"ПРОФЕСИОНАЛНА ГИМНАЗИЯ  ПО ТРАНСПОРТ ""МАКГАХАН"", ГР.СОФИЯ",2153,"Автотранспортна техника - техник АЕ (дуална), РЕ",професионална,1,12,0,0
2221430,"ПРОФЕСИОНАЛНА ГИМНАЗИЯ  ПО ТРАНСПОРТ ""МАКГАХАН"", ГР.СОФИЯ",2165,"Автомобилна мехатроника - АЕ, РЕ",професионална,1,2,0,0
2221430,"ПРОФЕСИОНАЛНА ГИМНАЗИЯ  ПО ТРАНСПОРТ ""МАКГАХАН"", ГР.СОФИЯ",2178,"Ремонт на летателни апарати - АЕ, РЕ",професионална,1,15,0,0
2221430,"ПРОФЕСИОНАЛНА ГИМНАЗИЯ  ПО ТРАНСПОРТ ""МАКГАХАН"", ГР.СОФИЯ",2187,"Спедиция транспортна и складова логистика - АЕ (дневна), НЕ",професионална,1,20,0,0
2221430,"ПРОФЕСИОНАЛНА ГИМНАЗИЯ  ПО ТРАНСПОРТ ""МАКГАХАН"", ГР.СОФИЯ",2212,"Спедиция транспортна и складова логистика - АЕ (дуална), НЕ",професионална,1,20,0,0
2221430,"ПРОФЕСИОНАЛНА ГИМНАЗИЯ  ПО ТРАНСПОРТ ""МАКГАХАН"", ГР.СОФИЯ",3500,"Автотранспортна техника - техник АЕ (дневна), РЕ",професионална,1,21,0,0
2221430,"ПРОФЕСИОНАЛНА ГИМНАЗИЯ  ПО ТРАНСПОРТ ""МАКГАХАН"", ГР.СОФИЯ",3503,"Металургия на цветните метали - АЕ  (дуална), РЕ",професионална,1,26,0,0
2222007,"7. СРЕДНО УЧИЛИЩЕ  ""СВ. СЕДМОЧИСЛЕНИЦИ"", ГР.СОФИЯ",0359,"Чужди езици - АЕ интензивно, ИЕ",профилирана,2,6,0,0
2222007,"7. СРЕДНО УЧИЛИЩЕ  ""СВ. СЕДМОЧИСЛЕНИЦИ"", ГР.СОФИЯ",0360,Чужди езици - АЕ интензивно НЕ,профилирана,1,1,0,0
2222007,"7. СРЕДНО УЧИЛИЩЕ  ""СВ. СЕДМОЧИСЛЕНИЦИ"", ГР.СОФИЯ",0361,"Софтуерни и хардуерни науки - АЕ интензивно, НЕ",профилирана,1,0,0,0
2222007,"7. СРЕДНО УЧИЛИЩЕ  ""СВ. СЕДМОЧИСЛЕНИЦИ"", ГР.СОФИЯ",0363,"Чужди езици - АЕ интензивно, ФЕ",профилирана,1,1,0,0
2222009,"9 Френска езикова гимназия  ""Алфонс дьо Ламартин"", ГР.СОФИЯ",2158,Чужди езици - ФЕ интензивно   АЕ,профилирана,3,0,0,2
2222009,"9 Френска езикова гимназия  ""Алфонс дьо Ламартин"", ГР.СОФИЯ",2163,Чужди езици - ФЕ интензивно   ИЕ,профилирана,3,0,1,0
2222009,"9 Френска езикова гимназия  ""Алфонс дьо Ламартин"", ГР.СОФИЯ",2168,Чужди езици - ФЕ интензивно   НЕ,профилирана,1,0,1,0
2222012,"12 Средно  училище "" Цар Иван Асен II"", ГР.СОФИЯ",2159,"Природни науки - АЕ интензивно, НЕ",профилирана,1,2,0,0
2222012,"12 Средно  училище "" Цар Иван Асен II"", ГР.СОФИЯ",2209,"Чужди езици - НЕ интензивно, АЕ/РЕ",профилирана,1,3,0,0
2222012,"12 Средно  училище "" Цар Иван Асен II"", ГР.СОФИЯ",2215,"Предприемачески - ФЕ интензивно, АЕ",профилирана,1,2,0,0
2222127,"127. Средно училище ""Иван Николаевич Денкоглу"", ГР.СОФИЯ",1358,"Хумантарни науки - АЕ интензивно, НЕ",профилирана,1,2,0,0
2222127,"127. Средно училище ""Иван Николаевич Денкоглу"", ГР.СОФИЯ",1362,"Хуманитарни науки - ИЕ интензивно, АЕ",профилирана,1,2,0,0
2222127,"127. Средно училище ""Иван Николаевич Денкоглу"", ГР.СОФИЯ",1364,"Природни науки - АЕ интензивно, ИЕ",профилирана,1,1,0,0
2222127,"127. Средно училище ""Иван Николаевич Денкоглу"", ГР.СОФИЯ",1365,"Природни науки - ИЕ интензивно, АЕ",профилирана,1,1,0,0
2222127,"127. Средно училище ""Иван Николаевич Денкоглу"", ГР.СОФИЯ",1366,"Предприемачески - АЕ интензивно, ИЕ",профилирана,1,2,0,0
2222127,"127. Средно училище ""Иван Николаевич Денкоглу"", ГР.СОФИЯ",3148,"Предприемачески - ИЕ интензивно, АЕ",профилирана,1,0,0,0
2222133,"133 Средно училище  „Александър Сергеевич Пушкин”, ГР.СОФИЯ",2269,"Математически - АЕ интензивно, РЕ",профилирана,1,0,1,2
2222133,"133 Средно училище  „Александър Сергеевич Пушкин”, ГР.СОФИЯ",2270,"Чужди езици - ФЕ интензивно, РЕ",профилирана,1,0,1,2
2222133,"133 Средно училище  „Александър Сергеевич Пушкин”, ГР.СОФИЯ",2272,"Чужди езици - РЕ интензивно, АЕ ",профилирана,2,0,1,0
2223055,"55 СРЕДНО УЧИЛИЩЕ  ""ПЕТКО КАРАВЕЛОВ"", ГР.СОФИЯ",2144,"Софтуерни и хардуерни науки - АЕ интензивно, НЕ",профилирана,2,4,0,0
2223431,"ПРОФЕСИОНАЛНА ГИМНАЗИЯ  ПО ТЕЛЕКОМУНИКАЦИИ, ГР.СОФИЯ",0707,Оптически комуникационни системи - АЕ,професионална,1,2,0,0
2223431,"ПРОФЕСИОНАЛНА ГИМНАЗИЯ  ПО ТЕЛЕКОМУНИКАЦИИ, ГР.СОФИЯ",0722,Компютърни мрежи - АЕ,професионална,1,3,0,0
2223431,"ПРОФЕСИОНАЛНА ГИМНАЗИЯ  ПО ТЕЛЕКОМУНИКАЦИИ, ГР.СОФИЯ",0730,Компютърна техника и технологии - АЕ,професионална,1,1,0,0
2223431,"ПРОФЕСИОНАЛНА ГИМНАЗИЯ  ПО ТЕЛЕКОМУНИКАЦИИ, ГР.СОФИЯ",0738,Системно програмиране - АЕ,професионална,1,2,0,0
2223431,"ПРОФЕСИОНАЛНА ГИМНАЗИЯ  ПО ТЕЛЕКОМУНИКАЦИИ, ГР.СОФИЯ",0743,Приложно програмиране - АЕ,професионална,1,1,0,0
2223431,"ПРОФЕСИОНАЛНА ГИМНАЗИЯ  ПО ТЕЛЕКОМУНИКАЦИИ, ГР.СОФИЯ",0746,Икономическа информатика - АЕ,професионална,1,0,0,0
2223431,"ПРОФЕСИОНАЛНА ГИМНАЗИЯ  ПО ТЕЛЕКОМУНИКАЦИИ, ГР.СОФИЯ",3215,Телекомуникационни системи-АЕ,професионална,1,3,0,0
2224022,"22 Средно езиково училище  ""Георги Стойков Раковски"", ГР.СОФИЯ",2565,Чужди езици - АЕ интензивно ИЕ,профилирана,1,1,0,0
2224022,"22 Средно езиково училище  ""Георги Стойков Раковски"", ГР.СОФИЯ",2577,Чужди езици - ИЕ интензивно АЕ,профилирана,2,0,0,0
2224022,"22 Средно езиково училище  ""Георги Стойков Раковски"", ГР.СОФИЯ",3017,Чужди езици - АЕ интензивно НЕ,профилирана,1,0,0,0
2224022,"22 Средно езиково училище  ""Георги Стойков Раковски"", ГР.СОФИЯ",3635,"Природни науки ИЕ - интензивно АЕ, БЗО, ХООС",профилирана,1,0,0,0
2224047,"47 Средно училище ""Христо Груев Данов"", ГР.СОФИЯ",0515,"Предприемачески - АЕ интензивно, РЕ",профилирана,1,5,0,0
2224073,"73.СУ с преподаване на чужди езици  ""Владислав Граматик"", ГР.СОФИЯ",2651,Чужди езици - НЕ интензивно РЕ,профилирана,2,0,1,2
2224073,"73.СУ с преподаване на чужди езици  ""Владислав Граматик"", ГР.СОФИЯ",2656,Чужди езици - НЕ интензивно ФЕ,профилирана,1,0,0,1
2224073,"73.СУ с преподаване на чужди езици  ""Владислав Граматик"", ГР.СОФИЯ",2658,Чужди езици - НЕ интензивно АЕ,профилирана,1,0,0,0
2224121,"121 СРЕДНО УЧИЛИЩЕ ""ГЕОРГИ ИЗМИРЛИЕВ"", ГР.СОФИЯ",2637,Софтуерни и хардуерни науки - АЕ  ИЕ,профилирана,1,3,0,0
2224121,"121 СРЕДНО УЧИЛИЩЕ ""ГЕОРГИ ИЗМИРЛИЕВ"", ГР.СОФИЯ",2642,"Предприемачески - АЕ, ИЕ/РЕ",профилирана,1,4,0,0
2224121,"121 СРЕДНО УЧИЛИЩЕ ""ГЕОРГИ ИЗМИРЛИЕВ"", ГР.СОФИЯ",2647,"Софтуерни и хардуерни науки - ИЕ, АЕ",профилирана,1,2,0,0
2224121,"121 СРЕДНО УЧИЛИЩЕ ""ГЕОРГИ ИЗМИРЛИЕВ"", ГР.СОФИЯ",3679,Софтуерни и хардуерни науки - АЕ  РЕ,профилирана,1,1,0,0
2206302,"Втора английска езикова гимназия  ""Томас Джеферсън"", ГР.СОФИЯ",2018,Чужди езици - АЕ интензивно НЕ М ФА,профилирана,1,0,2,1
2206302,"Втора английска езикова гимназия  ""Томас Джеферсън"", ГР.СОФИЯ",2020,Чужди езици - АЕ интензивно НЕ БЕЛ,профилирана,1,0,1,0
2206302,"Втора английска езикова гимназия  ""Томас Джеферсън"", ГР.СОФИЯ",2022,Чужди езици - АЕ интензивно НЕ БЗО ХООС,профилирана,1,0,0,0
2206302,"Втора английска езикова гимназия  ""Томас Джеферсън"", ГР.СОФИЯ",2025,Чужди езици АЕ интензивно ИЕ М ГИ,профилирана,1,0,0,0
2206302,"Втора английска езикова гимназия  ""Томас Джеферсън"", ГР.СОФИЯ",2028,Чужди езици - АЕ интензивно ИЕ ИЦ БЕЛ,профилирана,1,0,0,0
2206302,"Втора английска езикова гимназия  ""Томас Джеферсън"", ГР.СОФИЯ",2030,Чужди езици - АЕ интензивно ИЕ ИЦ ГИ,профилирана,1,0,1,1
2206302,"Втора английска езикова гимназия  ""Томас Джеферсън"", ГР.СОФИЯ",2034,Чужди езици - АЕ интензивно РЕ М ИТ,профилирана,1,0,0,0
2224432,"Професионална гимназия по дизайн ""Елисавета Вазова"", ГР.СОФИЯ",1227,Моден дизайн - ФЕ,професионална,1,3,0,0
2224432,"Професионална гимназия по дизайн ""Елисавета Вазова"", ГР.СОФИЯ",1290,Интериорен дизайн- НЕ,професионална,1,3,0,0
2224432,"Професионална гимназия по дизайн ""Елисавета Вазова"", ГР.СОФИЯ",1292,Интериорен дизайн - ИтЕ,професионална,1,0,0,0
2224432,"Професионална гимназия по дизайн ""Елисавета Вазова"", ГР.СОФИЯ",1294,Графичен дизайн - АЕ,професионална,1,2,0,0
2224432,"Професионална гимназия по дизайн ""Елисавета Вазова"", ГР.СОФИЯ",1296,Рекламна графика - АЕ,професионална,1,3,0,0
2224433,"НАЦИОНАЛНА ТЪРГОВСКО - БАНКОВА ГИМНАЗИЯ, ГР.СОФИЯ",0751,"Банково дело - АЕ интензивно, ФЕ",професионална,1,0,0,0
2224433,"НАЦИОНАЛНА ТЪРГОВСКО - БАНКОВА ГИМНАЗИЯ, ГР.СОФИЯ",0775,"Застрахователно и осигурително дело - НЕ интензивно, АЕ",професионална,1,0,0,0
2224433,"НАЦИОНАЛНА ТЪРГОВСКО - БАНКОВА ГИМНАЗИЯ, ГР.СОФИЯ",0777,"Оперативно счетоводство - РЕ интензивно, АЕ",професионална,1,0,0,0
2224433,"НАЦИОНАЛНА ТЪРГОВСКО - БАНКОВА ГИМНАЗИЯ, ГР.СОФИЯ",0779,"Бизнес администрация - ИЕ интензивно, АЕ",професионална,1,0,0,0
2224433,"НАЦИОНАЛНА ТЪРГОВСКО - БАНКОВА ГИМНАЗИЯ, ГР.СОФИЯ",0788,"Електронна търговия - АЕ интензивно, ФЕ",професионална,2,0,2,1
2224433,"НАЦИОНАЛНА ТЪРГОВСКО - БАНКОВА ГИМНАЗИЯ, ГР.СОФИЯ",0802,"Икономическа информатика - АЕ интензивно, ФЕ",професионална,1,0,0,0
2224433,"НАЦИОНАЛНА ТЪРГОВСКО - БАНКОВА ГИМНАЗИЯ, ГР.СОФИЯ",0933,"Банково дело - ФЕ интензивно, АЕ",професионална,1,0,0,0
2224433,"НАЦИОНАЛНА ТЪРГОВСКО - БАНКОВА ГИМНАЗИЯ, ГР.СОФИЯ",0937,"Банково дело - НЕ интензивно, АЕ",професионална,1,0,1,1
2224433,"НАЦИОНАЛНА ТЪРГОВСКО - БАНКОВА ГИМНАЗИЯ, ГР.СОФИЯ",0941,"Електронна търговия - РЕ интензивно, АЕ",професионална,1,0,0,1
