"СВОБОДНИ МЕСТА ЗА ТРЕТИ ЕТАП НА КЛАСИРАНЕ ПО ПАРАЛЕЛКИ С КОДОВЕ ПО УЧИЛИЩА И РАЙОНИ, ПРИЕМ В VIII КЛАС ЗА УЧЕБНАТА 2020/ 2021 ГОДИНА ",,,,,,,,
,,,,,,,,
№ по ред,Район,Училище,Паралелка,Код,Тип,Свободни места без квоти,Свободни места младежи,Свободни места девойки
1,Банкя,"78. СУ ""Христо Смирненски"", ГР.БАНКЯ",Извършване на термални процедури,0463,професионална,7,,
2,Банкя,"78. СУ ""Христо Смирненски"", ГР.БАНКЯ",Софтуерни и хардуерни науки - АЕ,0468,профилирана,3,,
3,Банкя,"Професионална гимназия по туризъм ""Алеко Константинов"", ГР.БАНКЯ",Организация на хотелиерството - АЕ,0344,професионална,13,,
4,Банкя,"Професионална гимназия по туризъм ""Алеко Константинов"", ГР.БАНКЯ",Организация на обслужването в хотелиерството - АЕ,0352,професионална,19,,
5,Банкя,"Професионална гимназия по туризъм ""Алеко Константинов"", ГР.БАНКЯ",Производство и обслужване в заведенията за хранене и развлечения - АЕ,0355,професионална,21,,
6,Банкя,"Професионална гимназия по туризъм ""Алеко Константинов"", ГР.БАНКЯ",Кетъринг - АЕ,0358,професионална,16,,
7,Банкя,"Професионална гимназия по туризъм ""Алеко Константинов"", ГР.БАНКЯ",Производство на кулинарни изделия и напитки - готвач,0362,професионална,9,,
8,Витоша,"2. СУ ""Акад.Емилиян Станев"", ГР.СОФИЯ",Природни науки - АЕ интензивно,0947,профилирана,2,,
9,Витоша,"2. СУ ""Акад.Емилиян Станев"", ГР.СОФИЯ",Чужди езици - АЕ интензивно НЕ или ИЕ,0951,профилирана,4,,
10,Витоша,"2. СУ ""Акад.Емилиян Станев"", ГР.СОФИЯ",Хуманитарни науки - АЕ интензивно,0957,профилирана,2,,
11,Витоша,"2. СУ ""Акад.Емилиян Станев"", ГР.СОФИЯ",Обществени науки - АЕ интензивно,0958,профилирана,6,,
12,Витоша,"26 СУ ""Йордан Йовков"", ГР.СОФИЯ",Софтуерни и хардуерни науки - АЕ интензивно,0965,профилирана,3,,
13,Витоша,"Професионална гимназия по екология и биотехнологии ""Проф. д-р Асен Златаров"", ГР.СОФИЯ",Екология и опазване на околната среда - АЕ,0851,професионална,6,,
14,Витоша,"Професионална гимназия по екология и биотехнологии ""Проф. д-р Асен Златаров"", ГР.СОФИЯ",Технология на фармацевтичните и парфюмерийно-козметични продукти - АЕ,0874,професионална,20,,
15,Витоша,"Професионална гимназия по екология и биотехнологии ""Проф. д-р Асен Златаров"", ГР.СОФИЯ",Технологичен и микробиологичен контрол в химични производства - лаборант,0909,професионална,12,,
16,Витоша,"Професионална гимназия по екология и биотехнологии ""Проф. д-р Асен Златаров"", ГР.СОФИЯ",Осигуряване на продуктова информация - НЕ (дуална),2591,професионална,11,,
17,Витоша,"Професионална гимназия по екология и биотехнологии ""Проф. д-р Асен Златаров"", ГР.СОФИЯ",Осигуряване на продуктова информация - АЕ,2654,професионална,9,,
18,Връбница,"74 СУ ""Гоце Делчев"", ГР.СОФИЯ",Софтуерни и хардуерни науки - АЕ интензивно,1771,профилирана,6,,
19,Връбница,"74 СУ ""Гоце Делчев"", ГР.СОФИЯ",Природни науки - АЕ интензивно,1777,профилирана,15,,
20,Връбница,"140. СУ ""Иван Богоров"", ГР.СОФИЯ",Български танци,1895,професионална,2,,
21,Връбница,"140. СУ ""Иван Богоров"", ГР.СОФИЯ",Графичен дизайн,1904,професионална,2,,
22,Възраждане,"18 СУ ""Уилям Гладстон"", ГР.СОФИЯ",Чужди езици - НЕ интензивно АЕ,0897,профилирана,2,,
23,Възраждане,"18 СУ ""Уилям Гладстон"", ГР.СОФИЯ",Чужди езици - ФЕ интензивно ИЕ,0902,профилирана,1,,
24,Възраждане,"18 СУ ""Уилям Гладстон"", ГР.СОФИЯ",Чужди езици - ФЕ интензивно АЕ,0905,профилирана,4,,
25,Възраждане,"18 СУ ""Уилям Гладстон"", ГР.СОФИЯ",Чужди езици - ЯЕ интензивно АЕ,1631,профилирана,1,,
26,Възраждане,"18 СУ ""Уилям Гладстон"", ГР.СОФИЯ",Чужди езици - АрЕ интензивно АЕ,1637,профилирана,6,,
27,Възраждане,"18 СУ ""Уилям Гладстон"", ГР.СОФИЯ",Чужди езици - КитЕ интензивно АЕ,1642,профилирана,5,,
28,Възраждане,"18 СУ ""Уилям Гладстон"", ГР.СОФИЯ",Чужди езици - КорЕ интензивно АЕ,1647,профилирана,1,,
29,Възраждане,"30 СУ ""Братя Миладинови"", ГР.СОФИЯ",Чужди езици - ИЕ интензивно АЕ,1307,профилирана,2,,
30,Възраждане,"30 СУ ""Братя Миладинови"", ГР.СОФИЯ",Природни науки - ИЕ интензивно,1308,профилирана,5,,
31,Възраждане,"30 СУ ""Братя Миладинови"", ГР.СОФИЯ",Икономическо развитие - АЕ интензивно НЕ,2602,профилирана,3,,
32,Възраждане,"32.СУИЧЕ ""Св. Климент Охридски, ГР.СОФИЯ",Чужди езици - АЕ интензивно НЕ,2771,профилирана,,2,2
33,Възраждане,"32.СУИЧЕ ""Св. Климент Охридски, ГР.СОФИЯ",Чужди езици - АЕ интензивно ИЕ,2773,профилирана,,0,3
34,Възраждане,"32.СУИЧЕ ""Св. Климент Охридски, ГР.СОФИЯ",Чужди езици - АЕ интензивно ФЕ,2775,профилирана,,5,1
35,Възраждане,"32.СУИЧЕ ""Св. Климент Охридски, ГР.СОФИЯ",Чужди езици - АЕ интензивно РЕ,2777,профилирана,,0,1
36,Възраждане,"91 НЕГ, ГР.СОФИЯ",Чужди езици - НЕ интензивно,2644,профилирана,,0,2
37,Възраждане,"134. СУ ""Д. Дебелянов"", ГР.СОФИЯ",Чужди езици - АЕ интензивно,1952,профилирана,2,,
38,Възраждане,"134. СУ ""Д. Дебелянов"", ГР.СОФИЯ",Природни науки - АЕ интензивно,1961,профилирана,1,,
39,Възраждане,"134. СУ ""Д. Дебелянов"", ГР.СОФИЯ",Софтуерни и хардуерни науки - АЕ интензивно,1968,профилирана,1,,
40,Възраждане,"НПГПТО ""М.В.Ломоносов"", ГР.СОФИЯ",Медицинска техника - НЕ,0317,професионална,2,,
41,Възраждане,"НПГПТО ""М.В.Ломоносов"", ГР.СОФИЯ",Измервателна и организационна техника - АЕ,0319,професионална,3,,
42,Възраждане,"НПГПТО ""М.В.Ломоносов"", ГР.СОФИЯ",Кинотехника аудио- и видеосистеми - АЕ,0321,професионална,5,,
43,Възраждане,"НПГПТО ""М.В.Ломоносов"", ГР.СОФИЯ",Очна оптика - АЕ,0324,професионална,3,,
44,Възраждане,"НПГПТО ""М.В.Ломоносов"", ГР.СОФИЯ",Лазерна и оптична техника - АЕ,0325,професионална,1,,
45,Възраждане,"НПГПТО ""М.В.Ломоносов"", ГР.СОФИЯ",Компютърна техника и технологии - АЕ,0328,професионална,0,,
46,Възраждане,"ПГТКИ, ГР.СОФИЯ",Бутикови облекла - АЕ,1856,професионална,26,,
47,Възраждане,"ПГТКИ, ГР.СОФИЯ",Конструиране моделиране и технология на облекло от кожи,1865,професионална,25,,
48,Възраждане,"ПГТКИ, ГР.СОФИЯ",Конструиране моделиране и технология на обувни изделия (дуална),1868,професионална,25,,
49,Възраждане,"ПГТКИ, ГР.СОФИЯ",Конструиране моделиране и технология на коженогалантерийни изделия,1870,професионална,25,,
50,Възраждане,"ПГ по ПСТТ, ГР.СОФИЯ",Пътно-строителна техника - АЕ,2524,професионална,12,,
51,Възраждане,"ПГ по ПСТТ, ГР.СОФИЯ",Подемно-транспортна техника монтирана на пътни тр. средства - ФЕ,2528,професионална,17,,
52,Възраждане,"ПГ по ПСТТ, ГР.СОФИЯ",Електрически превозни средства - РЕ,2612,професионална,24,,
53,Изгрев,"105. СУ ""Атанас Далчев"", ГР.СОФИЯ",Чужди езици - ИтЕ интензивно,2514,профилирана,4,,
54,Изгрев,"105. СУ ""Атанас Далчев"", ГР.СОФИЯ",Софтуерни и хардуерни науки - АЕ интензивно,2532,профилирана,7,,
55,Изгрев,"105. СУ ""Атанас Далчев"", ГР.СОФИЯ",Екскурзоводско обослужване - ИтЕ интензивно,2543,професионална,4,,
56,Изгрев,"119 СУ ""Академик М. Арнаудов"", ГР.СОФИЯ",Хуманитарни науки - АЕ интензивно,1522,профилирана,5,,
57,Изгрев,"119 СУ ""Академик М. Арнаудов"", ГР.СОФИЯ",Природни науки - АЕ интензивно,1526,профилирана,0,,
58,Изгрев,"119 СУ ""Академик М. Арнаудов"", ГР.СОФИЯ",Чужди езици - РЕ интензивно,1532,профилирана,5,,
59,Изгрев,"СПГЕ ""Джон Атанасов"", ГР.СОФИЯ",Системно програмиране - АЕ,2328,професионална,1,,
60,Изгрев,"СПГЕ ""Джон Атанасов"", ГР.СОФИЯ",Приложно програмиране - АЕ,2338,професионална,1,,
61,Изгрев,"СПГЕ ""Джон Атанасов"", ГР.СОФИЯ",Компютърни мрежи - АЕ,2360,професионална,2,,
62,Изгрев,"СПГЕ ""Джон Атанасов"", ГР.СОФИЯ",Компютърна техника и технологии - АЕ,2363,професионална,1,,
63,Изгрев,"СПГЕ ""Джон Атанасов"", ГР.СОФИЯ",Микропроцесорна техника - АЕ,2366,професионална,2,,
64,Изгрев,"СПГЕ ""Джон Атанасов"", ГР.СОФИЯ",Промишлена електроника - АЕ,2372,професионална,2,,
65,Изгрев,"СПГ ""Княгиня Евдокия"", ГР.СОФИЯ",Съдебна администрация - АЕ (дуална),2837,професионална,5,,
66,Изгрев,"СПГ ""Княгиня Евдокия"", ГР.СОФИЯ",Икономическо информационно осигуряване - АЕ,2840,професионална,16,,
67,Изгрев,"СПГ ""Княгиня Евдокия"", ГР.СОФИЯ",Извършване на термални процедури - АЕ (дуална),2842,професионална,17,,
68,Изгрев,"СПГ ""Княгиня Евдокия"", ГР.СОФИЯ",Фризьорство,2843,професионална,1,,
69,Изгрев,"СПГ ""Княгиня Евдокия"", ГР.СОФИЯ",Козметика,2845,професионална,1,,
70,Изгрев,"СПГ ""Княгиня Евдокия"", ГР.СОФИЯ",Маникюр педикюр и ноктопластика,2847,професионална,2,,
71,Илинден,"3 СУ ""Марин Дринов"", ГР.СОФИЯ",Изобразително изкуство - РЕ интензивно,2913,профилирана,8,,
72,Илинден,"3 СУ ""Марин Дринов"", ГР.СОФИЯ",Графичен дизайн - АЕ,2914,професионална,10,,
73,Илинден,"113 СУ ""Сава Филаретов"", ГР.СОФИЯ",Предприемачески,1648,профилирана,25,,
74,Илинден,"113 СУ ""Сава Филаретов"", ГР.СОФИЯ",Продавач-консултант,1676,професионална,4,,
75,Илинден,"ПГТЕ ""Хенри Форд"", ГР.СОФИЯ",Промишлена електроника - АЕ,1911,професионална,4,,
76,Илинден,"ПГТЕ ""Хенри Форд"", ГР.СОФИЯ",Електрообзавеждане на ел. превозни средства за гр. транспорт (дуална),2343,професионална,13,,
77,Илинден,"ПГТЕ ""Хенри Форд"", ГР.СОФИЯ",Електрообзавеждане на подемна и асансьорна техника (дуална),2349,професионална,15,,
78,Илинден,"ПГТЕ ""Хенри Форд"", ГР.СОФИЯ",Газова техника - АЕ,2352,професионална,2,,
79,Илинден,"ПГТЕ ""Хенри Форд"", ГР.СОФИЯ",Възобновяеми енергийни източници - АЕ,2357,професионална,1,,
80,Илинден,"ПГТЕ ""Хенри Форд"", ГР.СОФИЯ",Топлотехника - отоплителна климат. вентилационна и хладилна - АЕ (дуална),2362,професионална,1,,
81,Илинден,"ПГТЕ ""Хенри Форд"", ГР.СОФИЯ",Автотранспортна техника - техник,2364,професионална,1,,
82,Илинден,"ПГТЕ ""Хенри Форд"", ГР.СОФИЯ",Автомобилна мехатроника - АЕ,2367,професионална,0,,
83,Илинден,"ПГТЕ ""Хенри Форд"", ГР.СОФИЯ",Автомобилна мехатроника - АЕ (дуална),2376,професионална,0,,
84,Илинден,"ПГТЕ ""Хенри Форд"", ГР.СОФИЯ",Електрически превозни средства - АЕ,2378,професионална,3,,
85,Илинден,"ПГТЕ ""Хенри Форд"", ГР.СОФИЯ",Ремонт на летателни апарати - АЕ,2380,професионална,0,,
86,Илинден,"ПГТЕ ""Хенри Форд"", ГР.СОФИЯ",Експлоатация на автомобилния транспорт,2383,професионална,0,,
87,Илинден,"ПГАВТ ""А.С.Попов"", ГР.СОФИЯ",Компютърни мрежи - АЕ,2752,професионална,1,,
88,Илинден,"ПГАВТ ""А.С.Попов"", ГР.СОФИЯ",Телекомуникационни системи - АЕ,2756,професионална,4,,
89,Илинден,"ПГАВТ ""А.С.Попов"", ГР.СОФИЯ",Приложно програмиране - АЕ интензивно,2760,професионална,3,,
90,Илинден,"ПГАВТ ""А.С.Попов"", ГР.СОФИЯ",Компютърна техника и технологии - АЕ,2763,професионална,0,,
91,Илинден,"ПГАВТ ""А.С.Попов"", ГР.СОФИЯ",Микропроцесорна техника - АЕ,2765,професионална,3,,
92,Илинден,"ПГАВТ ""А.С.Попов"", ГР.СОФИЯ",Системно програмиране - АЕ интензивно,2769,професионална,3,,
93,Илинден,"ПГХВТ, ГР.СОФИЯ",Производство на захар и захарни изделия - АЕ,0448,професионална,3,,
94,Илинден,"ПГХВТ, ГР.СОФИЯ",Производство на месо месни продукти и риба - АЕ,0452,професионална,10,,
95,Илинден,"ПГХВТ, ГР.СОФИЯ",Производсто и преработка на мляко и млечни продукти,0455,професионална,17,,
96,Илинден,"33 ЕГ ""Света София"", ГР.СОФИЯ",Чужди езици - АЕ интензивно НЕ,2762,профилирана,6,,
97,Илинден,"33 ЕГ ""Света София"", ГР.СОФИЯ",Чужди езици - АЕ интензивно ИЕ,2767,профилирана,7,,
98,Илинден,"33 ЕГ ""Света София"", ГР.СОФИЯ",Чужди езици - АЕ интензивно КитЕ или ГрЕ,2774,профилирана,6,,
99,Илинден,"33 ЕГ ""Света София"", ГР.СОФИЯ",Чужди езици - ФЕ интензивно АЕ,2778,профилирана,5,,
100,Илинден,"33 ЕГ ""Света София"", ГР.СОФИЯ",Екскурзоводско обслужване - АЕ интензивно РЕ,2797,професионална,6,,
101,Искър,"68 СУ ""Акад.Никола Обрешков"", ГР.СОФИЯ",Софтуерни и хардуерни науки - АЕ,2629,профилирана,1,,
102,Искър,"69 СУ ""Д. Маринов"", ГР.СОФИЯ",Икономическо развитие - АЕ,0887,профилирана,2,,
103,Искър,"108 СУ ""Н.Беловеждов"", ГР.СОФИЯ",Предприемачески - АЕ интензивно,1852,профилирана,1,,
104,Искър,"108 СУ ""Н.Беловеждов"", ГР.СОФИЯ",Предприемачески - АЕ,1896,профилирана,13,,
105,Искър,"ПГ ПО ТРАНСПОРТ, ГР.СОФИЯ",Митническа и данъчна администрация - АЕ,1656,професионална,18,,
106,Искър,"ПГ ПО ТРАНСПОРТ, ГР.СОФИЯ",Спедиция транспортна и складова логистика - АЕ,1665,професионална,21,,
107,Искър,"ПГ ПО ТРАНСПОРТ, ГР.СОФИЯ",Автомобилна мехатроника - АЕ,1677,професионална,6,,
108,Искър,"ПГ ПО ТРАНСПОРТ, ГР.СОФИЯ",Автотранспортна техника - монтьор,1684,професионална,17,,
109,Красна поляна,"17 СУ ""Дамян Груев"", ГР.СОФИЯ",Чужди езици - ФЕ интензивно,2371,профилирана,22,,
110,Красна поляна,"17 СУ ""Дамян Груев"", ГР.СОФИЯ",Туристическа анимация - ФЕ интензивно,2379,професионална,16,,
111,Красна поляна,"28 СУ ""А. Константинов"", ГР.СОФИЯ",Софтуерни и хардуерни науки - АЕ интензивно,0372,профилирана,8,,
112,Красна поляна,"28 СУ ""А. Константинов"", ГР.СОФИЯ",Физическо възпитание и спорт - АЕ,0374,профилирана,,,
113,Красна поляна,"123 СУ ""Стефан Стамболов, ГР.СОФИЯ",Логистика на товари и услуги,0631,професионална,13,,
114,Красна поляна,"135 СУ, ГР.СОФИЯ",Социална работа с деца и семейства в риск - АЕ,2783,професионална,6,,
115,Красна поляна,"СГХСТ, ГР.СОФИЯ",Производство на хляб хлебни и сладкарски изделия - АЕ,0547,професионална,6,,
116,Красна поляна,"СГХСТ, ГР.СОФИЯ",Декорация на сладкарски изделия - АЕ,0563,професионална,12,,
117,Красна поляна,"СГХСТ, ГР.СОФИЯ",Производство на сладкарски изделия - АЕ (дуална),0568,професионална,6,,
118,Красна поляна,"СГХСТ, ГР.СОФИЯ",Декорация на органични материали - карвинг - АЕ (дуална),0573,професионална,7,,
119,Красно село,"19 СУ ""Елин Пелин"", ГР.СОФИЯ",Предприемачески - АЕ интензивно НорвЕ,2682,профилирана,3,,
120,Красно село,"19 СУ ""Елин Пелин"", ГР.СОФИЯ",Предприемачески - АЕ интензивно ДатЕ,2689,профилирана,1,,
121,Красно село,"19 СУ ""Елин Пелин"", ГР.СОФИЯ",Предприемачески - НЕ интензивно,2693,профилирана,0,,
122,Красно село,"36 СУ ""Максим Горки"", ГР.СОФИЯ",Чужди езици - ИтЕ интензивно,0778,профилирана,6,,
123,Красно село,"36 СУ ""Максим Горки"", ГР.СОФИЯ",Чужди езици - АЕ,0784,профилирана,6,,
124,Красно село,"51 СУ, ГР.СОФИЯ",Компютърна графика - АЕ интензивно,2276,професионална,1,,
125,Красно село,"51 СУ, ГР.СОФИЯ",Софтуерни и хардуерни науки - АЕ интензивно,2289,профилирана,1,,
126,Красно село,"51 СУ, ГР.СОФИЯ",Изобразително изкуство - АЕ,2291,профилирана,4,,
127,Красно село,"132. СУ ""Ваня Войнова"", ГР.СОФИЯ",Софтуерни и хардуерни науки - АЕ,0423,профилирана,5,,
128,Красно село,"132. СУ ""Ваня Войнова"", ГР.СОФИЯ",Спортно-туристическата дейност - АЕ,0424,професионална,2,,
129,Красно село,"203 ПЕГ ""Св. Методий"", ГР.СОФИЯ",Чужди езици - АЕ интензивно НЕ,2904,профилирана,6,,
130,Красно село,"203 ПЕГ ""Св. Методий"", ГР.СОФИЯ",Чужди езици - АЕ интензивно ИЕ,2907,профилирана,13,,
131,Красно село,"203 ПЕГ ""Св. Методий"", ГР.СОФИЯ",Чужди езици - ИЕ интензивно АЕ,2909,профилирана,10,,
132,Красно село,"203 ПЕГ ""Св. Методий"", ГР.СОФИЯ",Предприемачески - АЕ интензивно,2910,профилирана,14,,
133,Кремиковци,"85 СУ ""Отец Паисий"", ГР.СОФИЯ",Търговия на едро и дребно - АЕ,1929,професионална,5,,
134,Кремиковци,"117. СУ, ГР.БУХОВО",Софтуерни и хардуерни науки,0975,профилирана,7,,
135,Кремиковци,"156 ОбУ ""В.Левски"", ГР.СОФИЯ",Хуманитарни науки,1360,профилирана,,,
136,Кремиковци,"162 ОбУ ""Отец Паисий"", ГР.СОФИЯ",Предприемачески,2956,профилирана,0,,
137,Лозенец,"21 СУ ""Христо Ботев"", ГР.СОФИЯ",Чужди езици - АЕ интензивно ИЕ,0898,профилирана,6,,
138,Лозенец,"21 СУ ""Христо Ботев"", ГР.СОФИЯ",Предприемачески - АЕ интензивно,0906,профилирана,6,,
139,Лозенец,"35. СЕУ ""Добри Войников"", ГР.СОФИЯ",Чужди езици - НЕ РЕ БЕЛ,0388,профилирана,0,,
140,Лозенец,"35. СЕУ ""Добри Войников"", ГР.СОФИЯ",Чужди езици - НЕ РЕ МАТ,0389,профилирана,,1,2
141,Лозенец,"35. СЕУ ""Добри Войников"", ГР.СОФИЯ",Чужди езици - НЕ РЕ ГЕО,0390,профилирана,,1,2
142,Лозенец,"35. СЕУ ""Добри Войников"", ГР.СОФИЯ",Чужди езици - ФЕ РЕ ИТ,0392,профилирана,,2,1
143,Лозенец,"НПМГ, ГР.СОФИЯ",Математически - АЕ М Инф,0814,профилирана,3,,
144,Лозенец,"НПМГ, ГР.СОФИЯ",Математически - НЕ,0821,профилирана,1,,
145,Лозенец,"НПМГ, ГР.СОФИЯ",Математически - АЕ М Ф,0830,профилирана,0,,
146,Лозенец,"НПМГ, ГР.СОФИЯ",Природни науки - АЕ Б Х,0835,профилирана,0,,
147,Лозенец,"НПМГ, ГР.СОФИЯ",Природни науки - АЕ Х Б,0843,профилирана,0,,
148,Лозенец,"НПМГ, ГР.СОФИЯ",Природни науки - НЕ Х Б,0845,профилирана,1,,
149,Лозенец,"НПМГ, ГР.СОФИЯ",Икономическо развитие - АЕ,0847,профилирана,0,,
150,Лозенец,"НПМГ, ГР.СОФИЯ",Софтуерни и хардуерни науки - АЕ,1177,профилирана,1,,
151,Лозенец,"ПГО, ГР.СОФИЯ",Моден дизайн - ИтЕ,0462,професионална,3,,
152,Лозенец,"ПГО, ГР.СОФИЯ",Бутикови облекла - ИтЕ,0472,професионална,2,,
153,Лозенец,"ПГО, ГР.СОФИЯ",Моден дизайн - АЕ,0476,професионална,6,,
154,Лозенец,"ПГО, ГР.СОФИЯ",Конструиранемоделиране и технология на облекло от текстил - АЕ,0491,професионална,4,,
155,Лозенец,"ПГО, ГР.СОФИЯ",Сценичен костюм - АЕ,0505,професионална,2,,
156,Лозенец,"СГСАГ ""Христо Ботев"", ГР.СОФИЯ",Строителство и архитектура - АЕ,0719,професионална,1,,
157,Лозенец,"СГСАГ ""Христо Ботев"", ГР.СОФИЯ",Водно строителство - АЕ,0735,професионална,0,,
158,Лозенец,"СГСАГ ""Христо Ботев"", ГР.СОФИЯ",Транспортно строителство - АЕ,0748,професионална,1,,
159,Лозенец,"СГСАГ ""Христо Ботев"", ГР.СОФИЯ",Геодезия - АЕ,0762,професионална,1,,
160,Лозенец,"СГСАГ ""Христо Ботев"", ГР.СОФИЯ",Парково строителство и озеленяване - АЕ,0772,професионална,0,,
161,Лозенец,"СГСАГ ""Христо Ботев"", ГР.СОФИЯ",Брокер недвижими имоти - АЕ,0838,професионална,5,,
162,Лозенец,"СГСАГ ""Христо Ботев"", ГР.СОФИЯ",Строителство и архитектура - НЕ,0973,професионална,0,,
163,Лозенец,"НФСГ, ГР.СОФИЯ",Икономическа информатика - АЕ,2749,професионална,0,,
164,Лозенец,"НФСГ, ГР.СОФИЯ",Икономика и мениджмънт - АЕ,2754,професионална,5,,
165,Лозенец,"НФСГ, ГР.СОФИЯ",Икономика и мениджмънт - НЕ,2764,професионална,2,,
166,Лозенец,"НФСГ, ГР.СОФИЯ",Икономика и мениджмънт - ФЕ,2768,професионална,1,,
167,Лозенец,"НФСГ, ГР.СОФИЯ",Търговия - АЕ (дуална),2791,професионална,0,,
168,Лозенец,"НФСГ, ГР.СОФИЯ",Търговия - НЕ (дуална),2798,професионална,2,,
169,Люлин,"27. СУ, ГР.СОФИЯ",Софтуерни и хардуерни науки,2387,профилирана,6,,
170,Люлин,"37. СУ ""Райна Княгиня"", ГР.СОФИЯ",Предприемачески,2110,профилирана,5,,
171,Люлин,"40 СУ, ГР.СОФИЯ",Софтуерни и хардуерни науки - АЕ интензивно,0508,профилирана,1,,
172,Люлин,"56.СУ ""Проф. К. Иречек"", ГР.СОФИЯ",Чужди езици - АЕ интензивно,2196,профилирана,7,,
173,Люлин,"56.СУ ""Проф. К. Иречек"", ГР.СОФИЯ",Икономическо развитие - НЕ интензивно,2200,профилирана,20,,
174,Люлин,"79 СУ ""Индира Ганди"", ГР.СОФИЯ",Софтуерни и хардуерни науки - АЕ интензивно,2427,профилирана,12,,
175,Люлин,"90 СУ, ГР.СОФИЯ",Предприемачески - ИЕ,1384,профилирана,15,,
176,Люлин,"90 СУ, ГР.СОФИЯ",Природни науки - АЕ,1390,профилирана,19,,
177,Люлин,"96. СУ ""Л. Н. Толстой"", ГР.СОФИЯ",Чужди езици - АЕ интензивно,0903,профилирана,3,,
178,Люлин,"97 СУ, ГР.СОФИЯ",Софтуерни и хардуерни науки - АЕ интензивно,2506,профилирана,2,,
179,Люлин,"97 СУ, ГР.СОФИЯ",Търговия на едро и дребно - АЕ интензивно,2512,професионална,1,,
180,Люлин,"97 СУ, ГР.СОФИЯ",Предприемачески - АЕ,3037,профилирана,2,,
181,Люлин,"137 СУ ""Ангел Кънчев"", ГР.СОФИЯ",Предприемачески - АЕ интензивно,1834,профилирана,2,,
182,Люлин,"137 СУ ""Ангел Кънчев"", ГР.СОФИЯ",Чужди езици - АЕ интензивно НЕ,1838,профилирана,2,,
183,Люлин,"137 СУ ""Ангел Кънчев"", ГР.СОФИЯ",Софтуерни и хардуерни науки - АЕ интензивно,1844,профилирана,2,,
184,Младост,"10 СУ ""Теодор Траянов"", ГР.СОФИЯ",Обществени науки - АЕ,2101,профилирана,4,,
185,Младост,"39 СУ ""П.Динеков"", ГР.СОФИЯ",Софтуерни и хардуерни науки - АЕ интензивно,1802,профилирана,3,,
186,Младост,"81. СУ ""Виктор Юго"", ГР.СОФИЯ",Чужди езици - АЕ интензивно,2566,профилирана,4,,
187,Младост,"81. СУ ""Виктор Юго"", ГР.СОФИЯ",Хуманитарни науки,2579,профилирана,5,,
188,Младост,"118 СУ, ГР.СОФИЯ",Софтуерни и хардуерни науки - АЕ интензивно,2943,профилирана,2,,
189,Младост,"125 СУ ""Боян Пенев"", ГР.СОФИЯ",Хуманитарни науки - АЕ интензивно,1546,профилирана,3,,
190,Младост,"125 СУ ""Боян Пенев"", ГР.СОФИЯ",Математически - АЕ интензивно,1557,профилирана,7,,
191,Младост,"128 СУ ""Алберт Айнщайн"", ГР.СОФИЯ",Софтуерни и хардуерни науки - АЕ,1660,профилирана,5,,
192,Младост,"128 СУ ""Алберт Айнщайн"", ГР.СОФИЯ",Банкова охрана и инкасова дейност - АЕ,1670,професионална,1,,
193,Младост,"131 СУ ""К.А.Тимирязев"", ГР.СОФИЯ",Търговия на едро и дребно,2449,професионална,18,,
194,Младост,"131 СУ ""К.А.Тимирязев"", ГР.СОФИЯ",Предприемачески,2454,профилирана,7,,
195,Младост,"144 СУ ""Народни будители"", ГР.СОФИЯ",Музика - АЕ,1118,профилирана,13,,
196,Младост,"144 СУ ""Народни будители"", ГР.СОФИЯ",Рекламна графика - АЕ,1123,професионална,7,,
197,Младост,"144 СУ ""Народни будители"", ГР.СОФИЯ",Български танци - АЕ,1142,професионална,7,,
198,Младост,"ТУЕС към ТУ-София, ГР.СОФИЯ",Системно програмиране - АЕ,2127,професионална,2,,
199,Младост,"ТУЕС към ТУ-София, ГР.СОФИЯ",Компютърни мрежи - АЕ,2132,професионална,0,,
200,Надежда,"15 СУ, ГР.СОФИЯ",Предприемачески - АЕ,2582,профилирана,9,,
201,Надежда,"15 СУ, ГР.СОФИЯ",Предприемачески,3015,професионална,23,,
202,Надежда,"54 СУ, ГР.СОФИЯ",Чужди езици - АЕ интензивно,0749,профилирана,4,,
203,Надежда,"54 СУ, ГР.СОФИЯ",Софтуерни и хардуерни науки - АЕ интензивно,0758,профилирана,3,,
204,Надежда,"101 СУ ""БАЧО КИРО"", ГР.СОФИЯ",Икономическо развитие - АЕ интензивно,2886,профилирана,5,,
205,Надежда,"101 СУ ""БАЧО КИРО"", ГР.СОФИЯ",Софтуерни и хардуерни науки - АЕ интензивно,2889,профилирана,3,,
206,Нови Искър,"170 СУ ""Васил Левски"", ГР.НОВИ ИСКЪР",Предприемачески - АЕ,2971,профилирана,2,,
207,Нови Искър,"170 СУ ""Васил Левски"", ГР.НОВИ ИСКЪР",Организация на туризма и свободното време - АЕ,2972,професионална,2,,
208,Нови Искър,"172 ОбУ ""Христо Ботев"", ГР.НОВИ ИСКЪР",Производство на облекло от текстил,2807,професионална,7,,
209,Нови Искър,"176 ОбУ, С.НЕГОВАН",Софтуерни и хардуерни науки - АЕ,2460,профилирана,22,,
210,Оборище,"1 СУ ""Пенчо П. Славейков"", ГР.СОФИЯ",Чужди езици - ИЕ интензивно АЕ ИЦ,1831,профилирана,8,,
211,Оборище,"1 СУ ""Пенчо П. Славейков"", ГР.СОФИЯ",Чужди езици - ИЕ интнензивно АЕ БЗО,1900,профилирана,2,,
212,Оборище,"1 СУ ""Пенчо П. Славейков"", ГР.СОФИЯ",Чужди езици - АЕ интензивно ИЕ ИЦ,1906,профилирана,6,,
213,Оборище,"1 СУ ""Пенчо П. Славейков"", ГР.СОФИЯ",Природни науки - АЕ интензивно,1907,профилирана,4,,
214,Оборище,"164 ГПИЕ, ГР.СОФИЯ",Чужди езици - ИЕ интензивно АЕ,2561,профилирана,,0,1
215,Оборище,"164 ГПИЕ, ГР.СОФИЯ",Чужди езици - ИЕ интензивно ФЕ,2562,профилирана,,0,0
216,Оборище,"164 ГПИЕ, ГР.СОФИЯ",Чужди езици - ИЕ интензивно ИтЕ,2564,профилирана,,0,0
217,Оборище,"164 ГПИЕ, ГР.СОФИЯ",Чужди езици - ИЕ интензивно ПортЕ,2569,профилирана,,0,0
218,Оборище,"Първа АЕГ, ГР.СОФИЯ",Чужди езици - АЕ интензивно РЕ,0649,профилирана,,0,3
219,Оборище,"Първа АЕГ, ГР.СОФИЯ",Чужди езици - АЕ интензивно ИЕ,0672,профилирана,,0,1
220,Оборище,"Първа АЕГ, ГР.СОФИЯ",Чужди езици - АЕ интензивно НЕ,0727,профилирана,,2,1
221,Оборище,"Първа АЕГ, ГР.СОФИЯ",Чужди езици - АЕ интензивно ФЕ,0752,профилирана,,1,0
222,Оборище,"СМГ ""П. Хилендарски"", ГР.СОФИЯ",Математически - АЕ,2277,профилирана,3,,
223,Оборище,"СМГ ""П. Хилендарски"", ГР.СОФИЯ",Математически - НЕ интензивно,2278,профилирана,0,,
224,Оборище,"ПГМЕ, ГР.СОФИЯ",Металообработващи машини (дуална),2173,професионална,23,,
225,Оборище,"ПГМЕ, ГР.СОФИЯ",Електрообзавеждане на производството - електромонтьор (дуална),2177,професионална,17,,
226,Оборище,"ПГМЕ, ГР.СОФИЯ",Електрообзавеждане на производството - електротехник,2189,професионална,24,,
227,Оборище,"ПГМЕ, ГР.СОФИЯ",Промишлена електроника - АЕ,2193,професионална,16,,
228,Оборище,"СПГТ, ГР.СОФИЯ",Кетъринг - РЕ,1277,професионална,2,,
229,Оборище,"СПГТ, ГР.СОФИЯ",Кетъринг - ИЕ,1281,професионална,2,,
230,Оборище,"СПГТ, ГР.СОФИЯ",Производство и обслужване в заведенията за хранене и развлечения - ИтЕ,1283,професионална,1,,
231,Оборище,"СПГТ, ГР.СОФИЯ",Производство и обслужване в заведенията за хранене и развлечения - НЕ,1284,професионална,0,,
232,Оборище,"СПГТ, ГР.СОФИЯ",Организация на хотелиерството - АЕ,1285,професионална,2,,
233,Оборище,"СПГТ, ГР.СОФИЯ",Организация на обслужването в хотелиерството - АЕ,1286,професионална,4,,
234,Оборище,"СПГТ, ГР.СОФИЯ",Екскурзоводско обслужване - АЕ,1287,професионална,4,,
235,Овча купел,"66 СУ ""Филип Станиславов"", ГР.СОФИЯ",Предприемачески,1439,профилирана,4,,
236,Овча купел,"88 СУ ""Д. Попниколов"", ГР.СОФИЯ",Чужди езици - АЕ интензивно,1353,профилирана,4,,
237,Овча купел,"88 СУ ""Д. Попниколов"", ГР.СОФИЯ",Туристическа анимация - АЕ интензивно,1356,професионална,10,,
238,Овча купел,"149 СУ, ГР.СОФИЯ",Софтуерни и хардуерни науки - АЕ интензивно,1060,профилирана,5,,
239,Овча купел,"Национално СУ ""София"", ГР.СОФИЯ",Природни науки - АЕ,2687,профилирана,9,,
240,Овча купел,"Национално СУ ""София"", ГР.СОФИЯ",Изобразително изкуство - АЕ,2692,профилирана,9,,
241,Овча купел,"ПГЕА, ГР.СОФИЯ",Компютърни мрежи - АЕ,2115,професионална,12,,
242,Овча купел,"ПГЕА, ГР.СОФИЯ",Компютърна техника и технологии - АЕ,2123,професионална,5,,
243,Овча купел,"ПГЕА, ГР.СОФИЯ",Системно програмиране - АЕ,2133,професионална,10,,
244,Овча купел,"ПГЕА, ГР.СОФИЯ",Приложно програмиране - АЕ,2138,професионална,10,,
245,Овча купел,"ПГЕА, ГР.СОФИЯ",Автоматизация на непрекъснати производства-АЕ,2147,професионална,24,,
246,Овча купел,"ПГЕА, ГР.СОФИЯ",Електроенергетика - АЕ,2149,професионална,12,,
247,Овча купел,"ПГЕА, ГР.СОФИЯ",Електрически инсталации - АЕ,2156,професионална,7,,
248,Овча купел,"ПГСС ""БУЗЕМА"", ГР.СОФИЯ",Трайни насаждения,2901,професионална,15,,
249,Овча купел,"ПГСС ""БУЗЕМА"", ГР.СОФИЯ",Цветарство,2903,професионална,4,,
250,Овча купел,"ПГСС ""БУЗЕМА"", ГР.СОФИЯ",Каменоделство,2905,професионална,16,,
251,Панчарево,"71 СУ ""П.Яворов"", С.КАЗИЧЕНЕ",Икономическо развитие,1725,профилирана,9,,
252,Панчарево,"192 СУ, С.БИСТРИЦА",Туристическа анимация,2952,професионална,9,,
253,Подуяне,"24 СУ ""П. К. Яворов "", ГР.СОФИЯ",Предприемачески,2439,профилирана,3,,
254,Подуяне,"44. СУ ""Неофит Бозвели"", ГР.СОФИЯ",Софтуерни и хардуерни науки - АЕ интензивно,1536,профилирана,2,,
255,Подуяне,"44. СУ ""Неофит Бозвели"", ГР.СОФИЯ",Софтуерни и хардуерни науки - НЕ интензивно,1538,профилирана,3,,
256,Подуяне,"95 СУ, ГР.СОФИЯ",Чужди езици - АЕ интензивно РЕ,2354,профилирана,3,,
257,Подуяне,"95 СУ, ГР.СОФИЯ",Чужди езици - РЕ интензивно АЕ,2359,профилирана,4,,
258,Подуяне,"95 СУ, ГР.СОФИЯ",Природни науки - АЕ интензивно,2459,профилирана,14,,
259,Подуяне,"130 СУ ""Стефан Караджа"", ГР.СОФИЯ",Продавач-консултант,2236,професионална,5,,
260,Сердика,"14 СУ ""Проф. д-р А. Златаров, ГР.СОФИЯ",Обществени науки - АЕ,1312,профилирана,10,,
261,Сердика,"29. СУ ""Кузман Шапкарев"", ГР.СОФИЯ",Софтуерни и хардуерни науки,2408,профилирана,7,,
262,Сердика,"29. СУ ""Кузман Шапкарев"", ГР.СОФИЯ",Физическо възпитание и спорт,2411,профилирана,,,
263,Сердика,"59 ОбУ ""Васил Левски"", ГР.СОФИЯ",Готвач,1530,професионална,6,,
264,Сердика,"ПГИИ ""Проф. Н. Райнов"", ГР.СОФИЯ",Компютърна графика,1572,професионална,2,,
265,Сердика,"ПГЖПТ ""Никола Корчев"", ГР.СОФИЯ",Осигурителни и комуникационни системи в жп инфраструктура - АЕ,1894,професионална,25,,
266,Сердика,"ПГЖПТ ""Никола Корчев"", ГР.СОФИЯ",Локомотиви и вагони - АЕ (дуална),2000,професионална,20,,
267,Сердика,"ПГИИРЕ, ГР.СОФИЯ",Чужди езици - РумЕ интензивно,2934,профилирана,16,,
268,Сердика,"ПГИИРЕ, ГР.СОФИЯ",Чужди езици - ИЕ интензивно,2935,профилирана,11,,
269,Сердика,"ПГИИРЕ, ГР.СОФИЯ",Екскурзоводско обслужване - РумЕ интензивно,2937,професионална,22,,
270,Слатина,"23 СУ ""Фредерик Ж.-Кюри"", ГР.СОФИЯ",Чужди езици - ИтЕ интензивно,0916,профилирана,7,,
271,Слатина,"23 СУ ""Фредерик Ж.-Кюри"", ГР.СОФИЯ",Предприемачески - АЕ,0930,профилирана,5,,
272,Слатина,"23 СУ ""Фредерик Ж.-Кюри"", ГР.СОФИЯ",Икономическо развитие - АЕ,0939,профилирана,6,,
273,Слатина,"31 СУЧЕМ ""Иван Вазов"", ГР.СОФИЯ",Чужди езици - АЕ интензивно НЕ,2753,профилирана,1,,
274,Слатина,"31 СУЧЕМ ""Иван Вазов"", ГР.СОФИЯ",Чужди езици - АЕ интензивно ИЕ,2755,профилирана,3,,
275,Слатина,"31 СУЧЕМ ""Иван Вазов"", ГР.СОФИЯ",Чужди езици - НЕ интензивно АЕ,2759,профилирана,4,,
276,Слатина,"31 СУЧЕМ ""Иван Вазов"", ГР.СОФИЯ",Чужди езици - ИЕ интензивно АЕ,2766,профилирана,0,,
277,Слатина,"31 СУЧЕМ ""Иван Вазов"", ГР.СОФИЯ",Математически - АЕ интензивно,3018,профилирана,2,,
278,Слатина,"93 СУ ""Ал. Теодоров - Балан"", ГР.СОФИЯ",Обществени науки - РЕ интензивно,2876,профилирана,4,,
279,Слатина,"93 СУ ""Ал. Теодоров - Балан"", ГР.СОФИЯ",Обществени науки - АЕ интензивно,2878,профилирана,5,,
280,Слатина,"94 СУ ""Д.Страшимиров"", ГР.СОФИЯ",Предприемачески,2525,профилирана,6,,
281,Слатина,"94 СУ ""Д.Страшимиров"", ГР.СОФИЯ",Производство на облекло от текстил,2535,професионална,11,,
282,Слатина,"94 СУ ""Д.Страшимиров"", ГР.СОФИЯ",Логистика на товари и услуги,2539,професионална,4,,
283,Слатина,"138 СУЗИЕ ""Проф.В.Златарски""",Чужди езици - АЕ интензивно ИЕ,1354,профилирана,4,,
284,Слатина,"138 СУЗИЕ ""Проф.В.Златарски""",Чужди езици - КитЕ интензивно АЕ,2451,профилирана,5,,
285,Слатина,"138 СУЗИЕ ""Проф.В.Златарски""",Чужди езици - ЯЕ интензивно АЕ,2456,профилирана,2,,
286,Слатина,"138 СУЗИЕ ""Проф.В.Златарски""",Организация на туризма и свободното време - АЕ интензивно КорЕ,2466,професионална,1,,
287,Слатина,"157 ГИЧЕ ""Сесар Вайехо"", ГР.СОФИЯ",Чужди езици - ИЕ интензивно,1023,профилирана,21,,
288,Слатина,"ПГТ ""МАКГАХАН"", ГР.СОФИЯ",Автотранспортна техника - техник АЕ (дуална),2153,професионална,10,,
289,Слатина,"ПГТ ""МАКГАХАН"", ГР.СОФИЯ",Автомобилна мехатроника - АЕ,2165,професионална,4,,
290,Слатина,"ПГТ ""МАКГАХАН"", ГР.СОФИЯ",Ремонт на летателни апарати - АЕ,2178,професионална,7,,
291,Слатина,"ПГТ ""МАКГАХАН"", ГР.СОФИЯ",Спедиция транспортна и складова логистика - АЕ,2187,професионална,11,,
292,Слатина,"ПГТ ""МАКГАХАН"", ГР.СОФИЯ",Спедиция транспортна и складова логистика - АЕ (дуална),2212,професионална,6,,
293,Средец,"7. СУ ""Свети Седмочисленици""",Чужди езици - АЕ интензивно ИЕ,0359,профилирана,2,,
294,Средец,"7. СУ ""Свети Седмочисленици""",Чужди езици - АЕ интензивно НЕ,0360,профилирана,2,,
295,Средец,"7. СУ ""Свети Седмочисленици""",Софтуерни и хардуерни науки - АЕ интензивно НЕ,0361,профилирана,2,,
296,Средец,"7. СУ ""Свети Седмочисленици""",Чужди езици - АЕ интензивно ФЕ,0363,профилирана,5,,
297,Средец,"9 ФЕГ, ГР.СОФИЯ",Чужди езици - ФЕ интензивно АЕ,2158,профилирана,,0,0
298,Средец,"9 ФЕГ, ГР.СОФИЯ",Чужди езици - ФЕ интензивно ИЕ,2163,профилирана,,0,1
299,Средец,"9 ФЕГ, ГР.СОФИЯ",Чужди езици - ФЕ интензивно НЕ,2168,профилирана,,0,0
300,Средец,"12 СУ ""Цар Иван Асен ІІ"", ГР.СОФИЯ",Чужди езици - АЕ интензивно НЕ или РЕ,2159,профилирана,5,,
301,Средец,"12 СУ ""Цар Иван Асен ІІ"", ГР.СОФИЯ",Чужди езици - НЕ интензивно АЕ или РЕ,2209,профилирана,2,,
302,Средец,"12 СУ ""Цар Иван Асен ІІ"", ГР.СОФИЯ",Предприемачески - ФЕ интензивно,2215,профилирана,1,,
303,Средец,"127 СРЕДНО УЧИЛИЩЕ, ГР.СОФИЯ",Чужди езици - АЕ интензивно НЕ,1358,профилирана,3,,
304,Средец,"127 СРЕДНО УЧИЛИЩЕ, ГР.СОФИЯ",Математически - АЕ интензивно,1362,профилирана,2,,
305,Средец,"127 СРЕДНО УЧИЛИЩЕ, ГР.СОФИЯ",Чужди езици - АЕ интензивно ИЕ,1364,профилирана,0,,
306,Средец,"127 СРЕДНО УЧИЛИЩЕ, ГР.СОФИЯ",Природни науки - АЕ интензивно,1365,профилирана,1,,
307,Средец,"127 СРЕДНО УЧИЛИЩЕ, ГР.СОФИЯ",Предприемачески - ИЕ интензивно,1366,профилирана,3,,
308,Средец,"133 СУ ""А.С.Пушкин"", ГР.СОФИЯ",Чужди езици - АЕ интензивно РЕ,2269,профилирана,,1,1
309,Средец,"133 СУ ""А.С.Пушкин"", ГР.СОФИЯ",Чужди езици - ФЕ интензивно РЕ,2270,профилирана,,0,2
310,Средец,"133 СУ ""А.С.Пушкин"", ГР.СОФИЯ",Чужди езици - РЕ интензивно АЕ,2272,профилирана,,2,0
311,Студентски,"55 СУ, ГР.СОФИЯ",Софтуерни и хардуерни науки - АЕ интензивно,2144,профилирана,1,,
312,Студентски,"ПГ по телекомуникации, ГР.СОФИЯ",Телекомуникационни системи - АЕ,0660,професионална,1,,
313,Студентски,"ПГ по телекомуникации, ГР.СОФИЯ",Оптически комуникационни системи - АЕ,0707,професионална,1,,
314,Студентски,"ПГ по телекомуникации, ГР.СОФИЯ",Компютърни мрежи - АЕ,0722,професионална,1,,
315,Студентски,"ПГ по телекомуникации, ГР.СОФИЯ",Компютърна техника и технологии - АЕ,0730,професионална,2,,
316,Студентски,"ПГ по телекомуникации, ГР.СОФИЯ",Системно програмиране - АЕ,0738,професионална,1,,
317,Студентски,"ПГ по телекомуникации, ГР.СОФИЯ",Приложно програмиране - АЕ,0743,професионална,1,,
318,Студентски,"ПГ по телекомуникации, ГР.СОФИЯ",Икономическа информатика - АЕ,0746,професионална,4,,
319,Триадица,"22 СЕУ ""Г. С. Раковски"", ГР.СОФИЯ",Чужди езици - АЕ интензивно ИЕ,2565,профилирана,2,,
320,Триадица,"22 СЕУ ""Г. С. Раковски"", ГР.СОФИЯ",Чужди езици - ИЕ интензивно АЕ,2577,профилирана,5,,
321,Триадица,"22 СЕУ ""Г. С. Раковски"", ГР.СОФИЯ",Чужди езици - АЕ интензивно НЕ,3017,профилирана,2,,
322,Триадица,"47 СУ, ГР.СОФИЯ",Предприемачески - АЕ интензивно,0515,профилирана,4,,
323,Триадица,"73. СУ ""Владислав Граматик"", ГР.СОФИЯ",Чужди езици - НЕ интензивно РЕ,2651,профилирана,,0,0
324,Триадица,"73. СУ ""Владислав Граматик"", ГР.СОФИЯ",Чужди езици - НЕ интензивно ФЕ,2656,профилирана,,1,1
325,Триадица,"73. СУ ""Владислав Граматик"", ГР.СОФИЯ",Чужди езици - НЕ интензивно АЕ,2658,профилирана,,1,0
326,Триадица,"121 СУ, ГР.СОФИЯ",Софтуерни и хардуерни науки - АЕ,2637,профилирана,5,,
327,Триадица,"121 СУ, ГР.СОФИЯ",Предприемачески - АЕ,2642,профилирана,12,,
328,Триадица,"121 СУ, ГР.СОФИЯ",Софтуерни и хардуерни науки - ИЕ,2647,профилирана,14,,
329,Триадица,"ІІ АЕГ ""Томас Джеферсън"", ГР.СОФИЯ",Чужди езици - АЕ интензивно НЕ М ФА,2018,профилирана,,0,0
330,Триадица,"ІІ АЕГ ""Томас Джеферсън"", ГР.СОФИЯ",Чужди езици - АЕ интензивно НЕ БЕЛ,2020,профилирана,,0,0
331,Триадица,"ІІ АЕГ ""Томас Джеферсън"", ГР.СОФИЯ",Чужди езици - АЕ интензивно НЕ БЗО ХООС,2022,профилирана,,0,0
332,Триадица,"ІІ АЕГ ""Томас Джеферсън"", ГР.СОФИЯ",Чужди езици АЕ интензивно ИЕ М ГИ,2025,профилирана,,1,0
333,Триадица,"ІІ АЕГ ""Томас Джеферсън"", ГР.СОФИЯ",Чужди езици - АЕ интензивно ИЕ ИЦ БЕЛ,2028,профилирана,,1,0
334,Триадица,"ІІ АЕГ ""Томас Джеферсън"", ГР.СОФИЯ",Чужди езици - АЕ интензивно ИЕ ИЦ ГИ,2030,профилирана,,0,0
335,Триадица,"ІІ АЕГ ""Томас Джеферсън"", ГР.СОФИЯ",Чужди езици - АЕ интензивно РЕ М ИТ,2034,профилирана,,0,1
336,Триадица,"ПГ по дизайн ""Елисавета Вазова"", ГР.СОФИЯ",Моден дизайн - ФЕ,1227,професионална,6,,
337,Триадица,"ПГ по дизайн ""Елисавета Вазова"", ГР.СОФИЯ",Интериорен дизайн- НЕ,1290,професионална,2,,
338,Триадица,"ПГ по дизайн ""Елисавета Вазова"", ГР.СОФИЯ",Интериорен дизайн - ИтЕ,1292,професионална,1,,
339,Триадица,"ПГ по дизайн ""Елисавета Вазова"", ГР.СОФИЯ",Графичен дизайн - АЕ,1294,професионална,1,,
340,Триадица,"ПГ по дизайн ""Елисавета Вазова"", ГР.СОФИЯ",Рекламна графика - АЕ,1296,професионална,3,,
341,Триадица,"НТБГ, ГР.СОФИЯ",Банково дело - АЕ интензивно,0751,професионална,,0,0
342,Триадица,"НТБГ, ГР.СОФИЯ",Застрахователно и осигурително дело - НЕ интензивно,0775,професионална,,0,0
343,Триадица,"НТБГ, ГР.СОФИЯ",Оперативно счетоводство - РЕ интензивно,0777,професионална,,1,0
344,Триадица,"НТБГ, ГР.СОФИЯ",Бизнес администрация - ИЕ интензивно,0779,професионална,,2,1
345,Триадица,"НТБГ, ГР.СОФИЯ",Електронна търговия - АЕ интензивно,0788,професионална,,3,1
346,Триадица,"НТБГ, ГР.СОФИЯ",Икономическа информатика - АЕ интензивно,0802,професионална,,0,1
347,Триадица,"НТБГ, ГР.СОФИЯ",Банково дело - ФЕ интензивно,0933,професионална,,1,1
348,Триадица,"НТБГ, ГР.СОФИЯ",Банково дело - НЕ интензивно,0937,професионална,,0,0
349,Триадица,"НТБГ, ГР.СОФИЯ",Електронна търговия - РЕ интензивно,0941,професионална,,1,0
,,,,,,,,
,,,,,,,,
,Забележка:,Документи за прием в паралелки с код 0374 и 2411 се приемат в съответното училище.,,,,,,
,,Паралелка с код 1360 е закрита на първи етап.,,,,,,
