,,,,,,,,,,
,"СПИСЪК НА ПАРАЛЕЛКИТЕ С ДЪРЖАВЕН ПЛАН-ПРИЕМ В VIII КЛАС ЗА УЧЕБНАТА 2022/ 2023 ГОДИНА В ОБЛАСТ СОФИЯ-ГРАД 
с кодове и балообразуване",,,,,,,,,
,,,,,,,,,,
№,Район,Училище,Идентификатор / КОД,Паралелка ,Тип,Балообразуване,Брой паралелки,Общо основание,Мъже,Жени
1,Банкя,"78. Средно училище  ""Христо Смирненски"", ГР.БАНКЯ",463,Извършване на термални процедури - АЕ,професионална,(2 * БЕЛ + 2 * МАТ) + (1 * БЗО + 1 * ХООС),1,26,0,0
2,Банкя,"78. Средно училище  ""Христо Смирненски"", ГР.БАНКЯ",468,Софтуерни и хардуерни науки - АЕ интензивно,профилирана,(2 * БЕЛ + 2 * МАТ) + (1 * М + 1 * ИТ),1,26,0,0
3,Банкя,"Професионална гимназия  по туризъм ""Алеко Константинов"", ГР.БАНКЯ",344,Организация на хотелиерството -  АЕ,професионална,(2 * БЕЛ + 2 * МАТ) + (1 * ИЦ + 1 * ГИ),1,26,0,0
4,Банкя,"Професионална гимназия  по туризъм ""Алеко Константинов"", ГР.БАНКЯ",355,Производство и обслужване в заведенията за хранене и развлечения - АЕ,професионална,(2 * БЕЛ + 2 * МАТ) + (1 * БЗО + 1 * ХООС),1,26,0,0
5,Банкя,"Професионална гимназия  по туризъм ""Алеко Константинов"", ГР.БАНКЯ",358,Кетъринг - АЕ,професионална,(2 * БЕЛ + 2 * МАТ) + (1 * БЗО + 1 * ХООС),1,26,0,0
6,Банкя,"Професионална гимназия  по туризъм ""Алеко Константинов"", ГР.БАНКЯ",362,Производство на кулинарни изделия и напитки - готвач,професионална,(2 * БЕЛ + 2 * МАТ) + (1 * БЗО + 1 * ХООС),1,26,0,0
7,Витоша,"2 Средно училище ""Академик Емилиян Станев """,947,"Природни науки - АЕ интензивно  ИЕ, БЗО и ХООС",профилирана,(2 * БЕЛ + 2 * МАТ) + (1 * БЕЛ + 1 * М),1,26,0,0
8,Витоша,"2 Средно училище ""Академик Емилиян Станев """,951,Чужди езици - АЕ интензивно  ИЕ,профилирана,(2 * БЕЛ + 2 * МАТ) + (1 * БЕЛ + 1 * М),1,26,0,0
9,Витоша,"2 Средно училище ""Академик Емилиян Станев """,957,"Хуманитарни науки - АЕ интензивно   ИЕ, БЕЛ и ИЦ",профилирана,(2 * БЕЛ + 2 * МАТ) + (1 * БЕЛ + 1 * М),1,26,0,0
10,Витоша,"2 Средно училище ""Академик Емилиян Станев """,958,"Предприемачески - АЕ интензивно  НЕ, Предприемачество и ИТ",профилирана,(2 * БЕЛ + 2 * МАТ) + (1 * БЕЛ + 1 * М),1,26,0,0
11,Витоша,"26 Средно училище  ""Йордан Йовков""",965,Софтуерни и хардуерни науки - АЕ интензивно,профилирана,(2 * БЕЛ + 2 * МАТ) + (1 * ИТ + 1 * ЧЕз),1,26,0,0
12,Витоша,"Професионална гимназия по екология и  биотехнологии ""Проф. д-р Асен Златаров""",851,Екология и опазване на околната среда - АЕ,професионална,(2 * БЕЛ + 2 * МАТ) + (1 * БЗО + 1 * ХООС),1,26,0,0
13,Витоша,"Професионална гимназия по екология и  биотехнологии ""Проф. д-р Асен Златаров""",874,Технология на фармацевтичните и парфюмерийно-козметични продукти - АЕ,професионална,(2 * БЕЛ + 2 * МАТ) + (1 * БЗО + 1 * ХООС),2,52,0,0
14,Витоша,"Професионална гимназия по екология и  биотехнологии ""Проф. д-р Асен Златаров""",909,Технологичен и микробиологичен контрол в химични производства - лаборант - АЕ,професионална,(2 * БЕЛ + 2 * МАТ) + (1 * БЗО + 1 * ХООС),1,26,0,0
15,Витоша,"Професионална гимназия по екология и  биотехнологии ""Проф. д-р Асен Златаров""",2591,Осигуряване на продуктова информация - НЕ (дуална),професионална,(2 * БЕЛ + 2 * МАТ) + (1 * БЗО + 1 * ХООС),1,26,0,0
16,Витоша,"Професионална гимназия по екология и  биотехнологии ""Проф. д-р Асен Златаров""",3414,Технология на хомеопатичните и фитопродукти,професионална,(2 * БЕЛ + 2 * МАТ) + (1 * БЗО + 1 * ХООС),1,26,0,0
17,Връбница,"74 СУ ""ГОЦЕ ДЕЛЧЕВ"", ГР.СОФИЯ",1771,Софтуерни и хардуерни науки - АЕ интензивно,профилирана,(2 * БЕЛ + 2 * МАТ) + (1 * БЕЛ + 1 * М),1,26,0,0
18,Връбница,"74 СУ ""ГОЦЕ ДЕЛЧЕВ"", ГР.СОФИЯ",1777,Природни науки - АЕ интензивно,профилирана,(3 * БЕЛ + 1 * МАТ) + (1 * БЗО + 1 * ХООС),1,26,0,0
19,Връбница,"140. СРЕДНО УЧИЛИЩЕ ""ИВАН БОГОРОВ""",1895,Български танци,професионална,(3 * БЕЛ + 1 * МАТ) + (1 * ИЦ + 1 * Муз.),1,26,0,0
20,Връбница,"140. СРЕДНО УЧИЛИЩЕ ""ИВАН БОГОРОВ""",1904,Графичен дизайн,професионална,(1 * БЕЛ + 1 * МАТ + 2 * ИИ) + (1 * ИИ + 1 * ИТ),1,26,0,0
21,Връбница,"140. СРЕДНО УЧИЛИЩЕ ""ИВАН БОГОРОВ""",3866,Модерен танц,професионална,(3 * БЕЛ + 1 * МАТ) + (1 * ИЦ + 1 * Муз.),0.5,13,0,0
22,Връбница,"140. СРЕДНО УЧИЛИЩЕ ""ИВАН БОГОРОВ""",3867,Графичен дизайн /,професионална,(1 * БЕЛ + 1 * МАТ + 2 * ИИ) + (1 * ИИ + 1 * ИТ),0.5,13,0,0
23,Възраждане,"18 Средно училище  ""Уилям Гладстон""",897,Чужди езици - НЕ интензивно,профилирана,(2 * БЕЛ + 2 * МАТ) + (1 * БЕЛ + 1 * М),1,26,0,0
24,Възраждане,"18 Средно училище  ""Уилям Гладстон""",902,Природни науки - АЕ интензивно,профилирана,(2 * БЕЛ + 2 * МАТ) + (1 * БЕЛ + 1 * М),1,26,0,0
25,Възраждане,"18 Средно училище  ""Уилям Гладстон""",905,Чужди езици - ФЕ интензивно,профилирана,(2 * БЕЛ + 2 * МАТ) + (1 * БЕЛ + 1 * М),1,26,0,0
26,Възраждане,"18 Средно училище  ""Уилям Гладстон""",1631,Чужди езици - ЯЕ интензивно,профилирана,(2 * БЕЛ + 2 * МАТ) + (1 * БЕЛ + 1 * М),1,26,0,0
27,Възраждане,"18 Средно училище  ""Уилям Гладстон""",1637,Чужди езици - АрЕ интензивно,профилирана,(2 * БЕЛ + 2 * МАТ) + (1 * БЕЛ + 1 * М),1,26,0,0
28,Възраждане,"18 Средно училище  ""Уилям Гладстон""",1642,Чужди езици - КитЕ интензивно,профилирана,(2 * БЕЛ + 2 * МАТ) + (1 * БЕЛ + 1 * М),1,26,0,0
29,Възраждане,"18 Средно училище  ""Уилям Гладстон""",1647,Чужди езици - КорЕ интензивно,профилирана,(2 * БЕЛ + 2 * МАТ) + (1 * БЕЛ + 1 * М),1,26,0,0
30,Възраждане,"18 Средно училище  ""Уилям Гладстон""",3931,Природни науки - ФЕ интензивно,профилирана,(2 * БЕЛ + 2 * МАТ) + (1 * БЕЛ + 1 * М),1,26,0,0
31,Възраждане,"30 СРЕДНО УЧИЛИЩЕ ""БРАТЯ МИЛАДИНОВИ""",1307,Чужди езици - ИЕ интензивно /АЕ,профилирана,(2 * БЕЛ + 2 * МАТ) + (1 * БЕЛ + 1 * ЧЕз),1,26,0,0
32,Възраждане,"30 СРЕДНО УЧИЛИЩЕ ""БРАТЯ МИЛАДИНОВИ""",1308,Природни науки - ИЕ интензивно,профилирана,(2 * БЕЛ + 2 * МАТ) + (1 * БЗО + 1 * ЧЕз),1,26,0,0
33,Възраждане,"30 СРЕДНО УЧИЛИЩЕ ""БРАТЯ МИЛАДИНОВИ""",2602,Икономическо развитие - АЕ интензивно,профилирана,(2 * БЕЛ + 2 * МАТ) + (1 * ГИ + 1 * ЧЕз),1,26,0,0
34,Възраждане,"32. СРЕДНО УЧИЛИЩЕ С ИЗУЧАВАНЕ НА ЧУЖДИ  ЕЗИЦИ ""СВЕТИ КЛИМЕНТ ОХРИДСКИ""",2771,Чужди езици - АЕ интензивно /НЕ,профилирана,(2 * БЕЛ + 2 * МАТ) + (1 * БЕЛ + 1 * М),1,0,13,13
35,Възраждане,"32. СРЕДНО УЧИЛИЩЕ С ИЗУЧАВАНЕ НА ЧУЖДИ  ЕЗИЦИ ""СВЕТИ КЛИМЕНТ ОХРИДСКИ""",2773,Чужди езици - АЕ интензивно / ИЕ,профилирана,(2 * БЕЛ + 2 * МАТ) + (1 * БЕЛ + 1 * М),1,0,13,13
36,Възраждане,"32. СРЕДНО УЧИЛИЩЕ С ИЗУЧАВАНЕ НА ЧУЖДИ  ЕЗИЦИ ""СВЕТИ КЛИМЕНТ ОХРИДСКИ""",2775,Чужди езици - АЕ интензивно / ФЕ,профилирана,(2 * БЕЛ + 2 * МАТ) + (1 * БЕЛ + 1 * М),1,0,13,13
37,Възраждане,"32. СРЕДНО УЧИЛИЩЕ С ИЗУЧАВАНЕ НА ЧУЖДИ  ЕЗИЦИ ""СВЕТИ КЛИМЕНТ ОХРИДСКИ""",2777,Чужди езици - АЕ интензивно  /РЕ,профилирана,(2 * БЕЛ + 2 * МАТ) + (1 * БЕЛ + 1 * М),1,0,13,13
38,Възраждане,"32. СРЕДНО УЧИЛИЩЕ С ИЗУЧАВАНЕ НА ЧУЖДИ  ЕЗИЦИ ""СВЕТИ КЛИМЕНТ ОХРИДСКИ""",3371,Софтуерни и хардуерни науки - АЕ интензивно /НЕ,профилирана,(2 * БЕЛ + 2 * МАТ) + (1 * БЕЛ + 1 * М),1,26,0,0
39,Възраждане,"32. СРЕДНО УЧИЛИЩЕ С ИЗУЧАВАНЕ НА ЧУЖДИ  ЕЗИЦИ ""СВЕТИ КЛИМЕНТ ОХРИДСКИ""",3372,"Природни науки - АЕ интензивно/ ИЕ, БЗО и ХООС",профилирана,(2 * БЕЛ + 2 * МАТ) + (1 * БЕЛ + 1 * М),1,26,0,0
40,Възраждане,"91.НЕМСКА ЕЗИКОВА ГИМНАЗИЯ Професор Константин Гълъбов"", ГР.СОФИЯ",2644,Чужди езици - НЕ интензивно /АЕ,профилирана,(2 * БЕЛ + 2 * МАТ) + (1 * БЕЛ + 1 * М),7,0,91,91
41,Възраждане,"134. средно училище  ""Димчо Дебелянов"", ГР.СОФИЯ",1952,Чужди езици - АЕ интензивно / Иврит,профилирана,(3 * БЕЛ + 1 * МАТ) + (1 * БЕЛ + 1 * ЧЕз),1,26,0,0
42,Възраждане,"134. средно училище  ""Димчо Дебелянов"", ГР.СОФИЯ",1961,Природни науки - АЕ интензивно   /Иврит,профилирана,(2 * БЕЛ + 2 * МАТ) + (1 * БЗО + 1 * ХООС),1,26,0,0
43,Възраждане,"134. средно училище  ""Димчо Дебелянов"", ГР.СОФИЯ",1968,Софтуерни и хардуерни науки - АЕ интензивно  / Иврит,профилирана,(1 * БЕЛ + 3 * МАТ) + (1 * БЕЛ + 1 * ИТ),1,26,0,0
44,Възраждане,"НАЦИОНАЛНА ПРОФЕСИОНАЛНА ГИМНАЗИЯ  ПО ПРЕЦИЗНА ТЕХНИКА И ОПТИКА ""М. В. Ломоносов"", ГР.СОФИЯ",317,Медицинска техника - НЕ,професионална,(2 * БЕЛ + 2 * МАТ) + (1 * БЕЛ + 1 * М),1,26,0,0
45,Възраждане,"НАЦИОНАЛНА ПРОФЕСИОНАЛНА ГИМНАЗИЯ  ПО ПРЕЦИЗНА ТЕХНИКА И ОПТИКА ""М. В. Ломоносов"", ГР.СОФИЯ",319,Измервателна и организационна техника - АЕ,професионална,(2 * БЕЛ + 2 * МАТ) + (1 * БЕЛ + 1 * М),1,26,0,0
46,Възраждане,"НАЦИОНАЛНА ПРОФЕСИОНАЛНА ГИМНАЗИЯ  ПО ПРЕЦИЗНА ТЕХНИКА И ОПТИКА ""М. В. Ломоносов"", ГР.СОФИЯ",321,"Кинотехника, аудио- и видеосистеми - АЕ",професионална,(2 * БЕЛ + 2 * МАТ) + (1 * БЕЛ + 1 * М),2,52,0,0
47,Възраждане,"НАЦИОНАЛНА ПРОФЕСИОНАЛНА ГИМНАЗИЯ  ПО ПРЕЦИЗНА ТЕХНИКА И ОПТИКА ""М. В. Ломоносов"", ГР.СОФИЯ",324,Очна оптика - НЕ,професионална,(2 * БЕЛ + 2 * МАТ) + (1 * БЕЛ + 1 * М),1,26,0,0
48,Възраждане,"НАЦИОНАЛНА ПРОФЕСИОНАЛНА ГИМНАЗИЯ  ПО ПРЕЦИЗНА ТЕХНИКА И ОПТИКА ""М. В. Ломоносов"", ГР.СОФИЯ",325,Лазерна и оптична техника - АЕ,професионална,(2 * БЕЛ + 2 * МАТ) + (1 * БЕЛ + 1 * М),1,26,0,0
49,Възраждане,"НАЦИОНАЛНА ПРОФЕСИОНАЛНА ГИМНАЗИЯ  ПО ПРЕЦИЗНА ТЕХНИКА И ОПТИКА ""М. В. Ломоносов"", ГР.СОФИЯ",328,Компютърна техника и технологии - АЕ,професионална,(2 * БЕЛ + 2 * МАТ) + (1 * БЕЛ + 1 * М),1,26,0,0
50,Възраждане,"НАЦИОНАЛНА ПРОФЕСИОНАЛНА ГИМНАЗИЯ  ПО ПРЕЦИЗНА ТЕХНИКА И ОПТИКА ""М. В. Ломоносов"", ГР.СОФИЯ",3955,Програмиране на изкуствен интелект - АЕ,професионална,(2 * БЕЛ + 2 * МАТ) + (1 * БЕЛ + 1 * М),1,26,0,0
51,Възраждане,"ПРОФЕСИОНАЛНА ГИМНАЗИЯ  ПО ТЕКСТИЛНИ И КОЖЕНИ ИЗДЕЛИЯ, ГР.СОФИЯ",1856,Бутикови облекла,професионална,(3 * БЕЛ + 1 * МАТ) + (1 * ИИ + 1 * ИТ),1,26,0,0
52,Възраждане,"ПРОФЕСИОНАЛНА ГИМНАЗИЯ  ПО ТЕКСТИЛНИ И КОЖЕНИ ИЗДЕЛИЯ, ГР.СОФИЯ",1868,Конструиране моделиране и технология на обувни изделия (дуална),професионална,(3 * БЕЛ + 1 * МАТ) + (1 * ИИ + 1 * ИТ),1,26,0,0
53,Възраждане,"ПРОФЕСИОНАЛНА ГИМНАЗИЯ  ПО ТЕКСТИЛНИ И КОЖЕНИ ИЗДЕЛИЯ, ГР.СОФИЯ",3251,Моден дизайн - АЕ,професионална,(3 * БЕЛ + 1 * МАТ) + (1 * ИИ + 1 * ИТ),1,26,0,0
54,Възраждане,"ПРОФЕСИОНАЛНА ГИМНАЗИЯ ПО ПОДЕМНА, СТРОИТЕЛНА И ТРАНСПОРТНА ТЕХНИКА",2524,Пътно-строителна техника,професионална,(2 * БЕЛ + 2 * МАТ) + (1 * БЕЛ + 1 * М),1,26,0,0
55,Възраждане,"ПРОФЕСИОНАЛНА ГИМНАЗИЯ ПО ПОДЕМНА, СТРОИТЕЛНА И ТРАНСПОРТНА ТЕХНИКА",2528,Подемно-транспортна техника монтирана на пътни тр. средства,професионална,(2 * БЕЛ + 2 * МАТ) + (1 * БЕЛ + 1 * М),1,26,0,0
56,Възраждане,"ПРОФЕСИОНАЛНА ГИМНАЗИЯ ПО ПОДЕМНА, СТРОИТЕЛНА И ТРАНСПОРТНА ТЕХНИКА",3558,Локомотиви и вагони (дуална),професионална,(2 * БЕЛ + 2 * МАТ) + (1 * БЕЛ + 1 * М),1,26,0,0
57,Възраждане,"ПРОФЕСИОНАЛНА ГИМНАЗИЯ ПО ПОДЕМНА, СТРОИТЕЛНА И ТРАНСПОРТНА ТЕХНИКА",3562,Ръководител движение,професионална,(2 * БЕЛ + 2 * МАТ) + (1 * БЕЛ + 1 * М),1,26,0,0
58,Изгрев,"105. СРЕДНО УЧИЛИЩЕ  ""АТАНАС ДАЛЧЕВ"", ГР.СОФИЯ",2543,"Екскурзоводско обслужване - ИтЕ интензивно, АЕ",професионална,(3 * БЕЛ + 1 * МАТ) + (1 * ГИ + 1 * ЧЕз),1,26,0,0
59,Изгрев,"105. СРЕДНО УЧИЛИЩЕ  ""АТАНАС ДАЛЧЕВ"", ГР.СОФИЯ",2514,"Чужди езици - ИтЕ интензивно, АЕ",профилирана,(3 * БЕЛ + 1 * МАТ) + (1 * БЕЛ + 1 * ЧЕз),1,26,0,0
60,Изгрев,"105. СРЕДНО УЧИЛИЩЕ  ""АТАНАС ДАЛЧЕВ"", ГР.СОФИЯ",2532,"Софтуерни и хардуерни науки - АЕ интензивно, ИтЕ",профилирана,(2 * БЕЛ + 2 * МАТ) + (1 * М + 1 * ИТ),1,26,0,0
61,Изгрев,"119 Средно училище ""Академик Михаил Арнаудов"", ГР.СОФИЯ",1522,Хуманитарни науки - АЕ интензивно,профилирана,(3 * БЕЛ + 1 * МАТ) + (1 * БЕЛ + 1 * ИЦ),1,26,0,0
62,Изгрев,"119 Средно училище ""Академик Михаил Арнаудов"", ГР.СОФИЯ",1526,Природни науки - АЕ интензивно,профилирана,(2 * БЕЛ + 2 * МАТ) + (1 * БЗО + 1 * ХООС),1,26,0,0
63,Изгрев,"119 Средно училище ""Академик Михаил Арнаудов"", ГР.СОФИЯ",1532,Чужди езици - РЕ интензивно,профилирана,(3 * БЕЛ + 1 * МАТ) + (1 * БЕЛ + 1 * ЧЕз),1,26,0,0
64,Изгрев,"119 Средно училище ""Академик Михаил Арнаудов"", ГР.СОФИЯ",4079,Икономическо развитие - АЕ интензивно,профилирана,(2 * БЕЛ + 2 * МАТ) + (1 * ГИ + 1 * ЧЕз),1,26,0,0
65,Изгрев,"СОФИЙСКА ПРОФЕСИОНАЛНА  ГИМНАЗИЯ по ЕЛЕКТРОНИКА ""Джон Атанасов"", ГР.СОФИЯ",2328,"Системно програмиране - АЕ, НЕ",професионална,(1 * БЕЛ + 3 * МАТ) + (1 * М + 1 * ФА),1,26,0,0
66,Изгрев,"СОФИЙСКА ПРОФЕСИОНАЛНА  ГИМНАЗИЯ по ЕЛЕКТРОНИКА ""Джон Атанасов"", ГР.СОФИЯ",2338,"Приложно програмиране - АЕ, НЕ",професионална,(1 * БЕЛ + 3 * МАТ) + (1 * М + 1 * ФА),1,26,0,0
67,Изгрев,"СОФИЙСКА ПРОФЕСИОНАЛНА  ГИМНАЗИЯ по ЕЛЕКТРОНИКА ""Джон Атанасов"", ГР.СОФИЯ",2360,"Компютърни мрежи - АЕ, НЕ",професионална,(1 * БЕЛ + 3 * МАТ) + (1 * М + 1 * ФА),2,52,0,0
68,Изгрев,"СОФИЙСКА ПРОФЕСИОНАЛНА  ГИМНАЗИЯ по ЕЛЕКТРОНИКА ""Джон Атанасов"", ГР.СОФИЯ",2363,"Компютърна техника и технологии - АЕ, НЕ",професионална,(1 * БЕЛ + 3 * МАТ) + (1 * М + 1 * ФА),1,26,0,0
69,Изгрев,"СОФИЙСКА ПРОФЕСИОНАЛНА  ГИМНАЗИЯ по ЕЛЕКТРОНИКА ""Джон Атанасов"", ГР.СОФИЯ",2366,"Микропроцесорна техника - АЕ, НЕ",професионална,(1 * БЕЛ + 3 * МАТ) + (1 * М + 1 * ФА),1,26,0,0
70,Изгрев,"СОФИЙСКА ПРОФЕСИОНАЛНА  ГИМНАЗИЯ по ЕЛЕКТРОНИКА ""Джон Атанасов"", ГР.СОФИЯ",2372,"Промишлена електроника - АЕ, НЕ",професионална,(1 * БЕЛ + 3 * МАТ) + (1 * М + 1 * ФА),1,26,0,0
71,Изгрев,"Софийска професионална гимназия  ""Княгиня Евдокия"", ГР.СОФИЯ",2837,"Съдебна администрация - АЕ, РЕ",професионална,(3 * БЕЛ + 1 * МАТ) + (1 * ИЦ + 1 * ЧЕз),1,26,0,0
72,Изгрев,"Софийска професионална гимназия  ""Княгиня Евдокия"", ГР.СОФИЯ",2840,"Икономическо информационно осигуряване - АЕ, РЕ",професионална,(2 * БЕЛ + 2 * МАТ) + (1 * ИТ + 1 * ЧЕз),1,26,0,0
73,Изгрев,"Софийска професионална гимназия  ""Княгиня Евдокия"", ГР.СОФИЯ",2842,"Извършване на термални процедури - АЕ, РЕ (дуална)",професионална,(3 * БЕЛ + 1 * МАТ) + (1 * БЗО + 1 * ЧЕз),1,26,0,0
74,Изгрев,"Софийска професионална гимназия  ""Княгиня Евдокия"", ГР.СОФИЯ",2843,Фризьорство,професионална,(3 * БЕЛ + 1 * МАТ) + (1 * БЗО + 1 * ИИ),1,26,0,0
75,Изгрев,"Софийска професионална гимназия  ""Княгиня Евдокия"", ГР.СОФИЯ",2845,Козметика,професионална,(3 * БЕЛ + 1 * МАТ) + (1 * БЗО + 1 * ИИ),1,26,0,0
76,Изгрев,"Софийска професионална гимназия  ""Княгиня Евдокия"", ГР.СОФИЯ",3381,"Промишлен дизайн - АЕ, РЕ",професионална,(2 * БЕЛ + 2 * МАТ) + (1 * ИИ + 1 * ИТ),1,26,0,0
77,Изгрев,"Софийска професионална гимназия  ""Княгиня Евдокия"", ГР.СОФИЯ",3382,"Индустриални отношения - АЕ, РЕ",професионална,(3 * БЕЛ + 1 * МАТ) + (1 * ГИ + 1 * ЧЕз),1,26,0,0
78,Изгрев,"Софийска професионална гимназия  ""Княгиня Евдокия"", ГР.СОФИЯ",4009,"Фотография - АЕ, РЕ",професионална,(3 * БЕЛ + 1 * МАТ) + (1 * ИИ + 1 * ИТ),1,26,0,0
79,Илинден,"3. СУ  ""Марин Дринов"", ГР.СОФИЯ",2914,Графичен дизайн - АЕ,професионална,(3 * БЕЛ + 1 * МАТ) + (1 * ИИ + 1 * ИТ),1,26,0,0
80,Илинден,"3. СУ  ""Марин Дринов"", ГР.СОФИЯ",4019,Фотография,професионална,(3 * БЕЛ + 1 * МАТ) + (1 * ИИ + 1 * ИТ),1,26,0,0
81,Илинден,"3. СУ  ""Марин Дринов"", ГР.СОФИЯ",2913,Изобразително изкуство - РЕ,профилирана,(1 * БЕЛ + 1 * МАТ + 2 * ИИ) + (1 * ИИ + 1 * ИТ),1,26,0,0
82,Илинден,"113 СУ ""САВА ФИЛАРЕТОВ"", ГР.СОФИЯ",1648,Продавач-консултант /РЕ/,професионална,(2 * БЕЛ + 2 * МАТ) + (1 * БЕЛ + 1 * М),1,26,0,0
83,Илинден,"113 СУ ""САВА ФИЛАРЕТОВ"", ГР.СОФИЯ",1676,Продавач-консултант /АЕ/,професионална,(2 * БЕЛ + 2 * МАТ) + (1 * БЕЛ + 1 * М),1,26,0,0
84,Илинден,"33. Езикова гимназия  ""Света София"", ГР.СОФИЯ",2797,"Екскурзоводско обслужване - АЕ интензивно, КитЕ или ГрЕ",професионална,(2 * БЕЛ + 2 * МАТ) + (1 * БЕЛ + 1 * М),1,26,0,0
85,Илинден,"33. Езикова гимназия  ""Света София"", ГР.СОФИЯ",2762,"Чужди езици - АЕ интензивно, НЕ",профилирана,(2 * БЕЛ + 2 * МАТ) + (1 * БЕЛ + 1 * М),1,26,0,0
86,Илинден,"33. Езикова гимназия  ""Света София"", ГР.СОФИЯ",2767,"Чужди езици - АЕ интензивно, ИЕ",профилирана,(2 * БЕЛ + 2 * МАТ) + (1 * БЕЛ + 1 * М),1,26,0,0
87,Илинден,"33. Езикова гимназия  ""Света София"", ГР.СОФИЯ",2774,"Чужди езици - АЕ интензивно, ФЕ или РЕ",профилирана,(2 * БЕЛ + 2 * МАТ) + (1 * БЕЛ + 1 * М),1,26,0,0
88,Илинден,"33. Езикова гимназия  ""Света София"", ГР.СОФИЯ",2778,"Чужди езици - ФЕ интензивно, АЕ",профилирана,(2 * БЕЛ + 2 * МАТ) + (1 * БЕЛ + 1 * М),1,26,0,0
89,Илинден,"Професионална гимназия по транспорт и енергетика ""Хенри Форд"", ГР.СОФИЯ",1911,Промишлена електроника,професионална,(2 * БЕЛ + 2 * МАТ) + (1 * ФА + 1 * ИТ),1,26,0,0
90,Илинден,"Професионална гимназия по транспорт и енергетика ""Хенри Форд"", ГР.СОФИЯ",2343,Електрообзавеждане на ел. превозни средства за гр. транспорт,професионална,(2 * БЕЛ + 2 * МАТ) + (1 * ФА + 1 * ИТ),1,26,0,0
91,Илинден,"Професионална гимназия по транспорт и енергетика ""Хенри Форд"", ГР.СОФИЯ",2349,Електрообзавеждане на подемна и асансьорна техника (дуална),професионална,(2 * БЕЛ + 2 * МАТ) + (1 * ФА + 1 * ИТ),1,26,0,0
92,Илинден,"Професионална гимназия по транспорт и енергетика ""Хенри Форд"", ГР.СОФИЯ",2352,Газова техника - АЕ,професионална,(2 * БЕЛ + 2 * МАТ) + (1 * ФА + 1 * ИТ),1,26,0,0
93,Илинден,"Професионална гимназия по транспорт и енергетика ""Хенри Форд"", ГР.СОФИЯ",2357,Възобновяеми енергийни източници - АЕ,професионална,(2 * БЕЛ + 2 * МАТ) + (1 * ФА + 1 * ИТ),1,26,0,0
94,Илинден,"Професионална гимназия по транспорт и енергетика ""Хенри Форд"", ГР.СОФИЯ",2362,Топлотехника - отоплителна климат. вентилационна и хладилна - АЕ (дуална),професионална,(2 * БЕЛ + 2 * МАТ) + (1 * ФА + 1 * ИТ),1,26,0,0
95,Илинден,"Професионална гимназия по транспорт и енергетика ""Хенри Форд"", ГР.СОФИЯ",2364,Автотранспортна техника - техник (дуална) - АЕ,професионална,(2 * БЕЛ + 2 * МАТ) + (1 * ФА + 1 * ИТ),1,26,0,0
96,Илинден,"Професионална гимназия по транспорт и енергетика ""Хенри Форд"", ГР.СОФИЯ",2367,Автомобилна мехатроника - АЕ (дуална),професионална,(2 * БЕЛ + 2 * МАТ) + (1 * ФА + 1 * ИТ),1,26,0,0
97,Илинден,"Професионална гимназия по транспорт и енергетика ""Хенри Форд"", ГР.СОФИЯ",2376,Автомобилна  мехатроника - АЕ (дуална),професионална,(2 * БЕЛ + 2 * МАТ) + (1 * ФА + 1 * ИТ),1,26,0,0
98,Илинден,"Професионална гимназия по транспорт и енергетика ""Хенри Форд"", ГР.СОФИЯ",2378,Електрически превозни средства - АЕ (дуална),професионална,(2 * БЕЛ + 2 * МАТ) + (1 * ФА + 1 * ИТ),1,26,0,0
99,Илинден,"Професионална гимназия по транспорт и енергетика ""Хенри Форд"", ГР.СОФИЯ",2380,Ремонт на летателни апарати - АЕ,професионална,(2 * БЕЛ + 2 * МАТ) + (1 * ФА + 1 * ИТ),1,26,0,0
100,Илинден,"Професионална гимназия по транспорт и енергетика ""Хенри Форд"", ГР.СОФИЯ",2383,Експлоатация на автомобилния транспорт,професионална,(2 * БЕЛ + 2 * МАТ) + (1 * ФА + 1 * ИТ),1,26,0,0
101,Илинден,"ПРОФЕСИОНАЛНА ГИМНАЗИЯ ПО АУДИО-, ВИДЕО- И  ТЕЛЕКОМУНИКАЦИЯ ""А. С. ПОПОВ""",2752,Компютърни мрежи - АЕ,професионална,(1 * БЕЛ + 3 * МАТ) + (1 * М + 1 * ИТ),1,26,0,0
102,Илинден,"ПРОФЕСИОНАЛНА ГИМНАЗИЯ ПО АУДИО-, ВИДЕО- И  ТЕЛЕКОМУНИКАЦИЯ ""А. С. ПОПОВ""",2756,Телекомуникационни системи - АЕ,професионална,(1 * БЕЛ + 3 * МАТ) + (1 * М + 1 * ИТ),1,26,0,0
103,Илинден,"ПРОФЕСИОНАЛНА ГИМНАЗИЯ ПО АУДИО-, ВИДЕО- И  ТЕЛЕКОМУНИКАЦИЯ ""А. С. ПОПОВ""",2760,Приложно програмиране - АЕ интензивно,професионална,(1 * БЕЛ + 3 * МАТ) + (1 * М + 1 * ИТ),1,26,0,0
104,Илинден,"ПРОФЕСИОНАЛНА ГИМНАЗИЯ ПО АУДИО-, ВИДЕО- И  ТЕЛЕКОМУНИКАЦИЯ ""А. С. ПОПОВ""",2763,Компютърна техника и технологии - АЕ,професионална,(1 * БЕЛ + 3 * МАТ) + (1 * М + 1 * ИТ),1,26,0,0
105,Илинден,"ПРОФЕСИОНАЛНА ГИМНАЗИЯ ПО АУДИО-, ВИДЕО- И  ТЕЛЕКОМУНИКАЦИЯ ""А. С. ПОПОВ""",2769,Системно програмиране - АЕ интензивно,професионална,(1 * БЕЛ + 3 * МАТ) + (1 * М + 1 * ИТ),1,26,0,0
106,Илинден,"ПРОФЕСИОНАЛНА ГИМНАЗИЯ ПО АУДИО-, ВИДЕО- И  ТЕЛЕКОМУНИКАЦИЯ ""А. С. ПОПОВ""",3317,Охранителна техника и системи за сигурност - АЕ,професионална,(1 * БЕЛ + 3 * МАТ) + (1 * М + 1 * ИТ),1,26,0,0
107,Илинден,"Професионална гимназия по хранително-вкусови технологии ""Проф. д-р Георги Павлов""",448,Производство на захар и захарни изделия - АЕ,професионална,(3 * БЕЛ + 1 * МАТ) + (1 * БЗО + 1 * ХООС),1,26,0,0
108,Илинден,"Професионална гимназия по хранително-вкусови технологии ""Проф. д-р Георги Павлов""",452,Производство на месо месни продукти и риба - АЕ,професионална,(3 * БЕЛ + 1 * МАТ) + (1 * БЗО + 1 * ХООС),1,26,0,0
109,Илинден,"Професионална гимназия по хранително-вкусови технологии ""Проф. д-р Георги Павлов""",3671,"Производство на месо, месни продукти и риба",професионална,(3 * БЕЛ + 1 * МАТ) + (1 * БЗО + 1 * ХООС),1,26,0,0
110,Искър,"68. Средно училище ""Академик Никола Обрешков""",2629,Софтуерни и хардуерни науки - АЕ,профилирана,(2 * БЕЛ + 2 * МАТ) + (1 * ИТ + 1 * ЧЕз),1,26,0,0
111,Искър,"68. Средно училище ""Академик Никола Обрешков""",3634,Природни науки - АЕ,профилирана,(2 * БЕЛ + 2 * МАТ) + (1 * БЗО + 1 * ХООС),1,26,0,0
112,Искър,"69 Средно  училище ""Димитър Маринов""",887,"Икономическо развитие - АЕ, РЕ",профилирана,(2 * БЕЛ + 2 * МАТ) + (1 * М + 1 * ГИ),1,26,0,0
113,Искър,"108 Средно училище  ""Никола Беловеждов""",1852,"Предприемачески  - АЕ интензивно, РЕ",профилирана,(3 * БЕЛ + 1 * МАТ) + (1 * ГИ + 1 * ИТ),1,26,0,0
114,Искър,"108 Средно училище  ""Никола Беловеждов""",3675,"Предприемачески - АЕ интензивно, НЕ",профилирана,(3 * БЕЛ + 1 * МАТ) + (1 * ГИ + 1 * ИТ),1,26,0,0
115,Искър,ПРОФЕСИОНАЛНА ГИМНАЗИЯ  ПО ТРАНСПОРТ,1656,"Митническа и данъчна администрация - АЕ, ИЕ",професионална,(3 * БЕЛ + 1 * МАТ) + (1 * БЕЛ + 1 * ИТ),1,26,0,0
116,Искър,ПРОФЕСИОНАЛНА ГИМНАЗИЯ  ПО ТРАНСПОРТ,1665,"Спедиция транспортна и складова логистика - АЕ, НЕ",професионална,(2 * БЕЛ + 2 * МАТ) + (1 * БЕЛ + 1 * ИТ),1,26,0,0
117,Искър,ПРОФЕСИОНАЛНА ГИМНАЗИЯ  ПО ТРАНСПОРТ,1677,"Автомобилна мехатроника - АЕ, НЕ",професионална,(2 * БЕЛ + 2 * МАТ) + (1 * ИТ + 1 * ТП),1,26,0,0
118,Искър,ПРОФЕСИОНАЛНА ГИМНАЗИЯ  ПО ТРАНСПОРТ,1684,Автотранспортна техника - монтьор,професионална,(2 * БЕЛ + 2 * МАТ) + (1 * ИТ + 1 * ТП),1,26,0,0
119,Красна поляна,"17 СУ ""Дамян Груев""  с ранно чуждоезиково обучение, ГР.СОФИЯ",2379,Туристическа анимация - ФЕ,професионална,(3 * БЕЛ + 1 * МАТ) + (1 * ГИ + 1 * ЧЕз),1,26,0,0
120,Красна поляна,"28 Средно училище  ""Алеко Константинов""",372,"Софтуерни и хардуерни науки - АЕ интензивно, ИЕ",профилирана,(2 * БЕЛ + 2 * МАТ) + (1 * М + 1 * ФА),1,26,0,0
121,Красна поляна,"28 Средно училище  ""Алеко Константинов""",374,"Физическо възпитание и спорт - АЕ, ИЕ",профилирана,(1 * БЕЛ + 1 * МАТ + 2 * СПО) + (1 * БЗО + 1 * ЧЕз),1,26,0,0
122,Красна поляна,"28 Средно училище  ""Алеко Константинов""",3868,"Софтуерни и хардуерни науки - АЕ интензивно, НЕ",профилирана,(2 * БЕЛ + 2 * МАТ) + (1 * М + 1 * ФА),1,26,0,0
123,Красна поляна,"123 Средно училищe ""Стефан Стамболов""",631,Логистика на товари и услуги /АЕ/,професионална,(2 * БЕЛ + 2 * МАТ) + (1 * ГИ + 1 * ИТ),1,26,0,0
124,Красна поляна,"123 Средно училищe ""Стефан Стамболов""",3674,Логистика на товари и услуги /НЕ/,професионална,(2 * БЕЛ + 2 * МАТ) + (1 * ГИ + 1 * ИТ),1,26,0,0
125,Красна поляна,"123 Средно училищe ""Стефан Стамболов""",4004,Обществени науки,профилирана,(2 * БЕЛ + 2 * МАТ) + (1 * ИЦ + 1 * ГИ),1,26,0,0
126,Красна поляна,"135 средно училище ""Ян Амос Коменски""",2783,Социална работа с деца и семейства в риск - АЕ,професионална,(2 * БЕЛ + 2 * МАТ) + (1 * БЕЛ + 1 * М),1,26,0,0
127,Красна поляна,"Софийска гимназия  по хлебни   и сладкарски технологии, ГР.СОФИЯ",547,Производство на хляб хлебни и сладкарски изделия - АЕ,професионална,(3 * БЕЛ + 1 * МАТ) + (1 * БЕЛ + 1 * БЗО),1,26,0,0
128,Красна поляна,"Софийска гимназия  по хлебни   и сладкарски технологии, ГР.СОФИЯ",563,Декорация на сладкарски изделия - АЕ,професионална,(3 * БЕЛ + 1 * МАТ) + (1 * БЕЛ + 1 * ИИ),1,26,0,0
129,Красна поляна,"Софийска гимназия  по хлебни   и сладкарски технологии, ГР.СОФИЯ",568,Сътрудник в малък и среден бизнес  - АЕ,професионална,(3 * БЕЛ + 1 * МАТ) + (1 * БЕЛ + 1 * ТП),1,26,0,0
130,Красна поляна,"Софийска гимназия  по хлебни   и сладкарски технологии, ГР.СОФИЯ",573,Контрол на качеството и безопасност на храни и напитки - АЕ,професионална,(3 * БЕЛ + 1 * МАТ) + (1 * БЕЛ + 1 * ГИ),1,26,0,0
131,Красна поляна,"Софийска гимназия  по хлебни   и сладкарски технологии, ГР.СОФИЯ",4101,Производство на сладкарски изделия - АЕ,професионална,(3 * БЕЛ + 1 * МАТ) + (1 * БЕЛ + 1 * ИИ),1,26,0,0
132,Красно село,"19 СРЕДНО УЧИЛИЩЕ  ""ЕЛИН ПЕЛИН""",3938,Предприемачески - АЕ интензивно /НорвЕ,профилирана,(2 * БЕЛ + 2 * МАТ) + (1 * ГИ + 1 * ИТ),1,26,0,0
133,Красно село,"19 СРЕДНО УЧИЛИЩЕ  ""ЕЛИН ПЕЛИН""",3945,Предприемачески - АЕ интензивно/ ДатЕ,профилирана,(2 * БЕЛ + 2 * МАТ) + (1 * ГИ + 1 * ИТ),1,26,0,0
134,Красно село,"19 СРЕДНО УЧИЛИЩЕ  ""ЕЛИН ПЕЛИН""",3947,Предприемачески - НЕ интензивно,профилирана,(2 * БЕЛ + 2 * МАТ) + (1 * ГИ + 1 * ИТ),1,26,0,0
135,Красно село,"36 Средно училище  ""Максим Горки""",778,Чужди езици - ИтЕ интензивно/ АЕ,профилирана,(2 * БЕЛ + 2 * МАТ) + (1 * БЕЛ + 1 * М),1,26,0,0
136,Красно село,"36 Средно училище  ""Максим Горки""",784,Природни науки - АЕ интензивно/ ИтЕ,профилирана,(1 * БЕЛ + 3 * МАТ) + (1 * БЗО + 1 * ХООС),1,26,0,0
137,Красно село,"51 СРЕДНО УЧИЛИЩЕ ""ЕЛИСАВЕТА БАГРЯНА""",2276,"Компютърна графика - АЕ интензивно, НЕ",професионална,(2 * БЕЛ + 2 * МАТ) + (1 * ИИ + 1 * ИТ),1,26,0,0
138,Красно село,"51 СРЕДНО УЧИЛИЩЕ ""ЕЛИСАВЕТА БАГРЯНА""",3998,"Компютърна анимация - АЕ интензивно, ИтЕ",професионална,(2 * БЕЛ + 2 * МАТ) + (1 * ИИ + 1 * ИТ),1,26,0,0
139,Красно село,"51 СРЕДНО УЧИЛИЩЕ ""ЕЛИСАВЕТА БАГРЯНА""",2291,"Изобразително изкуство - АЕ интензивно, ИтЕ",профилирана,(1 * БЕЛ + 1 * МАТ + 2 * ИИ) + (1 * БЕЛ + 1 * ИИ),1,26,0,0
140,Красно село,"132. Средно училище  ""Ваня Войнова"", ГР.СОФИЯ",424,Спортни-туристически дейности - помощник-инструктор АЕ/РЕ,професионална,(3 * БЕЛ + 1 * МАТ) + (1 * ФВС + 1 * ЧЕз),1,26,0,0
141,Красно село,"132. Средно училище  ""Ваня Войнова"", ГР.СОФИЯ",423,"Софтуерни и хардуерни науки - АЕ интензивно, РЕ",профилирана,(3 * БЕЛ + 1 * МАТ) + (1 * М + 1 * ИТ),1,26,0,0
142,Красно село,"132. Средно училище  ""Ваня Войнова"", ГР.СОФИЯ",3191,Физическо възпитание и спорт,профилирана,(1 * БЕЛ + 1 * МАТ + 2 * СПО) + (1 * БЗО + 1 * ФВС),1,26,0,0
143,Красно село,"203 Профилирана езикова гимназия ""Свети Методий"", ГР.СОФИЯ",2904,"Чужди езици - АЕ интензивно,  НЕ/РЕ",профилирана,(3 * БЕЛ + 1 * МАТ) + (1 * БЕЛ + 1 * ЧЕз),1,26,0,0
144,Красно село,"203 Профилирана езикова гимназия ""Свети Методий"", ГР.СОФИЯ",2907,"Чужди езици - АЕ интензивно,  ИЕ/РЕ",профилирана,(3 * БЕЛ + 1 * МАТ) + (1 * БЕЛ + 1 * ЧЕз),1,26,0,0
145,Красно село,"203 Профилирана езикова гимназия ""Свети Методий"", ГР.СОФИЯ",2909,"Чужди езици - ИЕ интензивно,  АЕ/НЕ",профилирана,(3 * БЕЛ + 1 * МАТ) + (1 * БЕЛ + 1 * ЧЕз),1,26,0,0
146,Красно село,"203 Профилирана езикова гимназия ""Свети Методий"", ГР.СОФИЯ",2910,"Предприемачески - АЕ интензивно, ИЕ/НЕ",профилирана,(3 * БЕЛ + 1 * МАТ) + (1 * БЕЛ + 1 * ГИ),1,26,0,0
147,Красно село,"203 Профилирана езикова гимназия ""Свети Методий"", ГР.СОФИЯ",3271,"Природни науки - АЕ интензивно, ИЕ/РЕ",профилирана,(3 * БЕЛ + 1 * МАТ) + (1 * БЕЛ + 1 * БЗО),1,26,0,0
148,Кремиковци,"85 Средно училище ""Отец Паисий"", ГР.СОФИЯ",1929,"Търговия на едро и дребно - АЕ, РЕ",професионална,(3 * БЕЛ + 1 * МАТ) + (1 * БЕЛ + 1 * ГИ),1,26,0,0
149,Кремиковци,"117. СУ, ГР.СОФИЯ",975,Софтуерни и хардуерни науки,профилирана,(3 * БЕЛ + 1 * МАТ) + (1 * ИИ + 1 * ЧЕз),1,26,0,0
150,Кремиковци,"162 Обединено училище ""Отец Паисий""",2956,Предприемачески,профилирана,(2 * БЕЛ + 2 * МАТ) + (1 * ГИ + 1 * ИТ),1,26,0,0
151,Лозенец,"21 СРЕДНО УЧИЛИЩЕ ""ХРИСТО БОТЕВ""",906,"Предприемачески - АЕ интензивно, ИЕ",профилирана,(2 * БЕЛ + 2 * МАТ) + (1 * БЕЛ + 1 * М),1,26,0,0
152,Лозенец,"21 СРЕДНО УЧИЛИЩЕ ""ХРИСТО БОТЕВ""",3676,"Предприемачески - ИЕ интензивно, АЕ",профилирана,(2 * БЕЛ + 2 * МАТ) + (1 * БЕЛ + 1 * М),1,26,0,0
153,Лозенец,"35. СРЕДНО ЕЗИКОВО УЧИЛИЩЕ  ""ДОБРИ ВОЙНИКОВ"", ГР.СОФИЯ",388,"Чужди езици - НЕ интензивно, РЕ",профилирана,(2 * БЕЛ + 2 * МАТ) + (1 * БЕЛ + 1 * М),1,26,0,0
154,Лозенец,"35. СРЕДНО ЕЗИКОВО УЧИЛИЩЕ  ""ДОБРИ ВОЙНИКОВ"", ГР.СОФИЯ",389,"Чужди езици - интензивно НЕ,  РЕ",профилирана,(2 * БЕЛ + 2 * МАТ) + (1 * БЕЛ + 1 * М),1,0,13,13
155,Лозенец,"35. СРЕДНО ЕЗИКОВО УЧИЛИЩЕ  ""ДОБРИ ВОЙНИКОВ"", ГР.СОФИЯ",390,"Чужди езици - ФЕ интензивно, РЕ",профилирана,(2 * БЕЛ + 2 * МАТ) + (1 * БЕЛ + 1 * М),1,26,0,0
156,Лозенец,"35. СРЕДНО ЕЗИКОВО УЧИЛИЩЕ  ""ДОБРИ ВОЙНИКОВ"", ГР.СОФИЯ",392,"Чужди езици -  интензивно ФЕ, РЕ",профилирана,(2 * БЕЛ + 2 * МАТ) + (1 * БЕЛ + 1 * М),1,0,13,13
157,Лозенец,"35. СРЕДНО ЕЗИКОВО УЧИЛИЩЕ  ""ДОБРИ ВОЙНИКОВ"", ГР.СОФИЯ",3505,"Природни науки - БЗО ХООС НЕ интензивно, РЕ",профилирана,(1 * БЕЛ + 3 * МАТ) + (1 * БЕЛ + 1 * М),1,0,13,13
158,Лозенец,"Национална природо-математическа  гимназия ""Академик Любомир Чакалов"", ГР.СОФИЯ",814,Математически - АЕ М Инф,профилирана,(1 * БЕЛ + 3 * МАТ) + (1 * БЕЛ + 1 * М),1,26,0,0
159,Лозенец,"Национална природо-математическа  гимназия ""Академик Любомир Чакалов"", ГР.СОФИЯ",821,Математически - НЕ М Инф,профилирана,(1 * БЕЛ + 3 * МАТ) + (1 * БЕЛ + 1 * М),1,26,0,0
160,Лозенец,"Национална природо-математическа  гимназия ""Академик Любомир Чакалов"", ГР.СОФИЯ",830,Математически - АЕ ФА М,профилирана,"(1 * БЕЛ + 1 * МАТ + 2 * ФИЗ, ОК) + (1 * М + 1 * ФА) или (1 * БЕЛ + 1 * МАТ + 2 * НПМГ, Ф) + (1 * М + 1 * ФА)",1,26,0,0
161,Лозенец,"Национална природо-математическа  гимназия ""Академик Любомир Чакалов"", ГР.СОФИЯ",835,Природни науки - АЕ БЗО ХООС,профилирана,"(1 * БЕЛ + 1 * МАТ + 2 * БИО, ОК) + (1 * БЗО + 1 * ХООС) или (1 * БЕЛ + 1 * МАТ + 2 * НПМГ, Б) + (1 * БЗО + 1 * ХООС)",1,26,0,0
162,Лозенец,"Национална природо-математическа  гимназия ""Академик Любомир Чакалов"", ГР.СОФИЯ",843,Природни науки - АЕ ХООС БЗО,профилирана,"(1 * БЕЛ + 2 * МАТ + 1 * ХИМ, ОК) + (1 * БЗО + 1 * ХООС) или (1 * БЕЛ + 2 * МАТ + 1 * НПМГ, Х) + (1 * БЗО + 1 * ХООС)",1,26,0,0
163,Лозенец,"Национална природо-математическа  гимназия ""Академик Любомир Чакалов"", ГР.СОФИЯ",847,Икономическо развитие - АЕ,профилирана,"(1 * БЕЛ + 2 * МАТ + 1 * ГЕО, ОК) + (1 * М + 1 * ГИ) или (1 * БЕЛ + 2 * МАТ + 1 * НПМГ, Г) + (1 * М + 1 * ГИ)",1,26,0,0
164,Лозенец,"Национална природо-математическа  гимназия ""Академик Любомир Чакалов"", ГР.СОФИЯ",4091,Природни науки - НЕ БЗО ХООС,профилирана,"(1 * БЕЛ + 1 * МАТ + 1 * НПМГ, Х + 1 * НПМГ, Б) + (1 * БЗО + 1 * ХООС)",1,26,0,0
165,Лозенец,"Професионална гимназия по облекло  ""Княгиня Мария Луиза"", ГР.СОФИЯ",462,"Моден дизайн - ИтЕ, АЕ",професионална,(3 * БЕЛ + 1 * МАТ) + (1 * ИИ + 1 * ИТ),1,26,0,0
166,Лозенец,"Професионална гимназия по облекло  ""Княгиня Мария Луиза"", ГР.СОФИЯ",472,"Бутикови облекла - ИтЕ, АЕ",професионална,(3 * БЕЛ + 1 * МАТ) + (1 * ИИ + 1 * ИТ),1,26,0,0
167,Лозенец,"Професионална гимназия по облекло  ""Княгиня Мария Луиза"", ГР.СОФИЯ",476,"Моден дизайн - АЕ, ФЕ",професионална,(3 * БЕЛ + 1 * МАТ) + (1 * ИИ + 1 * ИТ),1,26,0,0
168,Лозенец,"Професионална гимназия по облекло  ""Княгиня Мария Луиза""",491,"Конструиране, моделиране и технология на облекло от текстил - АЕ, ФЕ",професионална,(3 * БЕЛ + 1 * МАТ) + (1 * ИИ + 1 * ИТ),1,26,0,0
169,Лозенец,"Професионална гимназия по облекло  ""Княгиня Мария Луиза"", ГР.СОФИЯ",505,"Сценичен костюм - АЕ, ИтЕ",професионална,(3 * БЕЛ + 1 * МАТ) + (1 * ИИ + 1 * ИТ),1,26,0,0
170,Лозенец,"СОФИЙСКА ГИМНАЗИЯ ПО СТРОИТЕЛСТВО, АРХИТЕКТУРА И ГЕОДЕЗИЯ  ""ХРИСТО БОТЕВ""",719,Строителство и архитектура - АЕ,професионална,(1 * БЕЛ + 3 * МАТ) + (1 * ФА + 1 * ИИ),1,26,0,0
171,Лозенец,"СОФИЙСКА ГИМНАЗИЯ ПО СТРОИТЕЛСТВО, АРХИТЕКТУРА И ГЕОДЕЗИЯ  ""ХРИСТО БОТЕВ""",735,Водно строителство - АЕ,професионална,(1 * БЕЛ + 3 * МАТ) + (1 * ФА + 1 * ИИ),1,26,0,0
172,Лозенец,"СОФИЙСКА ГИМНАЗИЯ ПО СТРОИТЕЛСТВО, АРХИТЕКТУРА И ГЕОДЕЗИЯ  ""ХРИСТО БОТЕВ""",748,Транспортно строителство - АЕ,професионална,(1 * БЕЛ + 3 * МАТ) + (1 * ФА + 1 * ИИ),1,26,0,0
173,Лозенец,"СОФИЙСКА ГИМНАЗИЯ ПО СТРОИТЕЛСТВО, АРХИТЕКТУРА И ГЕОДЕЗИЯ  ""ХРИСТО БОТЕВ""",762,Геодезия - АЕ,професионална,(1 * БЕЛ + 3 * МАТ) + (1 * ФА + 1 * ИИ),1,26,0,0
174,Лозенец,"СОФИЙСКА ГИМНАЗИЯ ПО СТРОИТЕЛСТВО, АРХИТЕКТУРА И ГЕОДЕЗИЯ  ""ХРИСТО БОТЕВ""",772,Парково строителство и озеленяване - АЕ,професионална,(1 * БЕЛ + 3 * МАТ) + (1 * БЗО + 1 * ИИ),1,26,0,0
175,Лозенец,"СОФИЙСКА ГИМНАЗИЯ ПО СТРОИТЕЛСТВО, АРХИТЕКТУРА И ГЕОДЕЗИЯ  ""ХРИСТО БОТЕВ""",838,Брокер недвижими имоти - АЕ,професионална,(1 * БЕЛ + 3 * МАТ) + (1 * БЕЛ + 1 * ГИ),1,26,0,0
176,Лозенец,"СОФИЙСКА ГИМНАЗИЯ ПО СТРОИТЕЛСТВО, АРХИТЕКТУРА И ГЕОДЕЗИЯ  ""ХРИСТО БОТЕВ""",973,Строителство и архитектура - НЕ,професионална,(1 * БЕЛ + 3 * МАТ) + (1 * ФА + 1 * ИИ),1,26,0,0
177,Лозенец,"НАЦИОНАЛНА ФИНАНСОВО-СТОПАНСКА ГИМНАЗИЯ, ГР.СОФИЯ",2749,Икономическа информатика - АЕ,професионална,(2 * БЕЛ + 2 * МАТ) + (1 * БЕЛ + 1 * М),1,26,0,0
178,Лозенец,"НАЦИОНАЛНА ФИНАНСОВО-СТОПАНСКА ГИМНАЗИЯ, ГР.СОФИЯ",2754,Икономика и мениджмънт - АЕ,професионална,(2 * БЕЛ + 2 * МАТ) + (1 * БЕЛ + 1 * М),2,52,0,0
179,Лозенец,"НАЦИОНАЛНА ФИНАНСОВО-СТОПАНСКА ГИМНАЗИЯ, ГР.СОФИЯ",2764,Икономика и мениджмънт - НЕ,професионална,(2 * БЕЛ + 2 * МАТ) + (1 * БЕЛ + 1 * М),1,26,0,0
180,Лозенец,"НАЦИОНАЛНА ФИНАНСОВО-СТОПАНСКА ГИМНАЗИЯ, ГР.СОФИЯ",2768,Икономика и мениджмънт - ФЕ,професионална,(2 * БЕЛ + 2 * МАТ) + (1 * БЕЛ + 1 * М),1,26,0,0
181,Лозенец,"НАЦИОНАЛНА ФИНАНСОВО-СТОПАНСКА ГИМНАЗИЯ, ГР.СОФИЯ",3603,Икономическа информатика - НЕ,професионална,(2 * БЕЛ + 2 * МАТ) + (1 * БЕЛ + 1 * М),1,26,0,0
182,Лозенец,"НАЦИОНАЛНА ФИНАНСОВО-СТОПАНСКА ГИМНАЗИЯ, ГР.СОФИЯ",3604,Икономика и мениджмънт - ИЕ,професионална,(2 * БЕЛ + 2 * МАТ) + (1 * БЕЛ + 1 * М),1,26,0,0
183,Люлин,"27. Средно училище ""Акад. Георги Караславов""",2387,Софтуерни и хардуерни науки,профилирана,(2 * БЕЛ + 2 * МАТ) + (1 * БЕЛ + 1 * М),1,26,0,0
184,Люлин,"37. Средно училище ""Райна Княгиня""",3544,"Малък и среден бизнес - АЕ разширено, РЕ",професионална,(3 * БЕЛ + 1 * МАТ) + (1 * ГИ + 1 * ИТ),1,26,0,0
185,Люлин,"37. Средно училище ""Райна Княгиня""",2110,"Предприемачески - АЕ разширено, РЕ",профилирана,(3 * БЕЛ + 1 * МАТ) + (1 * ГИ + 1 * ИТ),1,26,0,0
186,Люлин,"40 Средно училище  ""Луи Пастьор""",3883,"Компютърна графика - АЕ, РЕ",професионална,(2 * БЕЛ + 2 * МАТ) + (1 * ИТ + 1 * ЧЕз),1,26,0,0
187,Люлин,"40 Средно училище  ""Луи Пастьор""",508,"Софтуерни и хардуерни науки - АЕ интензивно, РЕ",профилирана,(2 * БЕЛ + 2 * МАТ) + (1 * ИТ + 1 * ЧЕз),1,26,0,0
188,Люлин,"56. Средно училище  ""Професор Константин Иречек"", ГР.СОФИЯ",3639,"Брокер недвижими имоти - АЕ, РЕ",професионална,(2 * БЕЛ + 2 * МАТ) + (1 * ГИ + 1 * ЧЕз),1,26,0,0
189,Люлин,"56. Средно училище  ""Професор Константин Иречек"", ГР.СОФИЯ",3640,"Електронна търговия - АЕ, НЕ",професионална,(2 * БЕЛ + 2 * МАТ) + (1 * М + 1 * ИТ),1,26,0,0
190,Люлин,"56. Средно училище  ""Професор Константин Иречек"", ГР.СОФИЯ",2200,"Икономическо развитие - АЕ интензивно, ИЕ",профилирана,(2 * БЕЛ + 2 * МАТ) + (1 * М + 1 * ГИ),1,26,0,0
191,Люлин,"79 средно училище ""Индира Ганди"", ГР.СОФИЯ",2427,"Софтуерни и хардуерни науки - АЕ интензивно, ИЕ",профилирана,(2 * БЕЛ + 2 * МАТ) + (1 * М + 1 * ИТ),1,26,0,0
192,Люлин,"79 средно училище ""Индира Ганди"", ГР.СОФИЯ",3988,"Софтуерни и хардуерни науки - АЕ разширено, ИЕ",профилирана,(2 * БЕЛ + 2 * МАТ) + (1 * М + 1 * ИТ),1,26,0,0
193,Люлин,"90 Средно училище  ""Генерал Хосе де Сан Мартин"", ГР.СОФИЯ",1384,"Предприемачески - ИЕ, АЕ",профилирана,(2 * БЕЛ + 2 * МАТ) + (1 * ГИ + 1 * ИТ),1,26,0,0
194,Люлин,"90 Средно училище  ""Генерал Хосе де Сан Мартин"", ГР.СОФИЯ",1390,"Природни науки - АЕ, ИЕ",профилирана,(1 * БЕЛ + 3 * МАТ) + (1 * БЗО + 1 * ХООС),1,26,0,0
195,Люлин,"96 Средно училище ""Лев Николаевич Толстой"", ГР.СОФИЯ",903,Обществени науки - АЕ интензивно,профилирана,(3 * БЕЛ + 1 * МАТ) + (1 * БЕЛ + 1 * ЧЕз),1,26,0,0
196,Люлин,"96 Средно училище ""Лев Николаевич Толстой"", ГР.СОФИЯ",3318,Софтуерни и хардуерни науки - АЕ интензивно,профилирана,(2 * БЕЛ + 2 * МАТ) + (1 * ИТ + 1 * ЧЕз),1,26,0,0
197,Люлин,"96 Средно училище ""Лев Николаевич Толстой"", ГР.СОФИЯ",4109,Софтуерни и хардуерни науки - АЕ разширено,профилирана,(2 * БЕЛ + 2 * МАТ) + (1 * ИТ + 1 * ЧЕз),1,26,0,0
198,Люлин,"97 Средно училище  ""Братя Миладинови""",2512,"Търговия (дуална) - АЕ, НЕ",професионална,(3 * БЕЛ + 1 * МАТ) + (1 * ГИ + 1 * ИТ),1,26,0,0
199,Люлин,"97 Средно училище  ""Братя Миладинови""",2506,Софтуерни и хардуерни науки - АЕ интензивно,профилирана,(2 * БЕЛ + 2 * МАТ) + (1 * ИТ + 1 * ЧЕз),1,26,0,0
200,Люлин,"97 Средно училище  ""Братя Миладинови""",3037,Предприемачески - АЕ,профилирана,(3 * БЕЛ + 1 * МАТ) + (1 * ГИ + 1 * ИТ),1,26,0,0
201,Люлин,"137 средно училище  ""Ангел Кънчев"", ГР.СОФИЯ",1834,"Предприемачески - АЕ интензивно, НЕ",профилирана,(2 * БЕЛ + 2 * МАТ) + (1 * БЕЛ + 1 * М),1,26,0,0
202,Люлин,"137 средно училище  ""Ангел Кънчев"", ГР.СОФИЯ",1838,"Хуманитарни науки - АЕ интензивно, НЕ",профилирана,(3 * БЕЛ + 1 * МАТ) + (1 * БЕЛ + 1 * ИЦ),1,26,0,0
203,Люлин,"137 средно училище  ""Ангел Кънчев"", ГР.СОФИЯ",1844,"Софтуерни и хардуерни науки - АЕ интензивно, НЕ",профилирана,(1 * БЕЛ + 3 * МАТ) + (1 * БЕЛ + 1 * М),1,26,0,0
204,Младост,"10 Средно училище  "" Теодор Траянов """,2101,Обществени науки - АЕ,профилирана,(3 * БЕЛ + 1 * МАТ) + (1 * ИЦ + 1 * ГИ),1,26,0,0
205,Младост,"10 Средно училище  "" Теодор Траянов """,3075,Природни науки - АЕ,профилирана,(2 * БЕЛ + 2 * МАТ) + (1 * БЗО + 1 * ХООС),1,26,0,0
206,Младост,"39 Средно училище ""Петър Динеков"", ГР.СОФИЯ",1802,"Софтуерни и хардуерни науки - АЕ интензивно, РЕ",профилирана,(2 * БЕЛ + 2 * МАТ) + (1 * ИТ + 1 * ЧЕз),1,26,0,0
207,Младост,"39 Средно училище ""Петър Динеков"", ГР.СОФИЯ",4110,"Софтуерни и хардуерни науки - АЕ интензивно, ИЕ",профилирана,(2 * БЕЛ + 2 * МАТ) + (1 * ИТ + 1 * ЧЕз),1,26,0,0
208,Младост,"81. Средно училище  ""Виктор Юго"", ГР.СОФИЯ",2566,Чужди езици - АЕ интензивно,профилирана,(2 * БЕЛ + 2 * МАТ) + (1 * БЕЛ + 1 * М),1,26,0,0
209,Младост,"81. Средно училище  ""Виктор Юго"", ГР.СОФИЯ",2579,Хуманитарни науки,профилирана,(3 * БЕЛ + 1 * МАТ) + (1 * БЕЛ + 1 * ФВС),1,26,0,0
210,Младост,"118 Средно училище  ""Академик Людмил Стоянов"", ГР.СОФИЯ",2943,Софтуерни и хардуерни науки - АЕ интензивно,профилирана,(2 * БЕЛ + 2 * МАТ) + (1 * М + 1 * ЧЕз),1,26,0,0
211,Младост,"125 СУ ""Боян Пенев"" с изучаване на чужди езици",1546,Хуманитарни науки - АЕ интензивно,профилирана,(3 * БЕЛ + 1 * МАТ) + (1 * БЕЛ + 1 * ИЦ),1,26,0,0
212,Младост,"125 СУ ""Боян Пенев"" с изучаване на чужди езици",1557,Математически - АЕ интензивно,профилирана,(1 * БЕЛ + 3 * МАТ) + (1 * М + 1 * ФА),1,26,0,0
213,Младост,"128 СРЕДНО УЧИЛИЩЕ ""АЛБЕРТ АЙНЩАЙН""",1670,Икономическо информационно осигуряване - АЕ,професионална,(2 * БЕЛ + 2 * МАТ) + (1 * БЕЛ + 1 * М),1,26,0,0
214,Младост,"128 СРЕДНО УЧИЛИЩЕ ""АЛБЕРТ АЙНЩАЙН""",1660,Софтуерни и хардуерни науки - АЕ,профилирана,(2 * БЕЛ + 2 * МАТ) + (1 * БЕЛ + 1 * М),1,26,0,0
215,Младост,"131. СУ ""Климент Аркадиевич Тимирязев""",2449,Търговия на едро и дребно,професионална,(2 * БЕЛ + 2 * МАТ) + (1 * ИТ + 1 * ЧЕз),1,26,0,0
216,Младост,"131. СУ ""Климент Аркадиевич Тимирязев""",3905,"Бизнес администрация - АЕ, ИЕ",професионална,(2 * БЕЛ + 2 * МАТ) + (1 * БЕЛ + 1 * ЧЕз),1,26,0,0
217,Младост,"144 Средно училище ""Народни будители""",1123,Рекламна графика - АЕ,професионална,(1 * БЕЛ + 1 * МАТ + 2 * ИИ) + (1 * БЕЛ + 1 * ИИ),1,26,0,0
218,Младост,"144 Средно училище ""Народни будители""",1142,Български танци - АЕ,професионална,(1 * БЕЛ + 1 * МАТ + 2 * СПО) + (1 * БЕЛ + 1 * Муз),1,26,0,0
219,Младост,"144 Средно училище ""Народни будители""",3559,Рекламна графика - ИЕ,професионална,(1 * БЕЛ + 1 * МАТ + 2 * ИИ) + (1 * БЕЛ + 1 * ИИ),1,26,0,0
220,Младост,"144 Средно училище ""Народни будители""",1118,Музика - АЕ,профилирана,(1 * БЕЛ + 1 * МАТ + 2 * МУЗ) + (1 * БЕЛ + 1 * Муз.),1,26,0,0
221,Младост,"Технологично училище ""Електронни системи"" към Технически Университет - София",2127,Системно програмиране - АЕ,професионална,(1 * БЕЛ + 3 * МАТ) + (1 * М + 1 * ФА),3,78,0,0
222,Младост,"Технологично училище ""Електронни системи"" към Технически Университет - София",2132,Компютърни мрежи - АЕ,професионална,(1 * БЕЛ + 3 * МАТ) + (1 * М + 1 * ФА),1,26,0,0
223,Надежда,"15 Средно училище "" Адам Мицкевич"", ГР.СОФИЯ",3015,Митническо и данъчно обслужване,професионална,(2 * БЕЛ + 2 * МАТ) + (1 * БЕЛ + 1 * М),1,26,0,0
224,Надежда,"15 Средно училище "" Адам Мицкевич"", ГР.СОФИЯ",2582,Предприемачески - АЕ,профилирана,(2 * БЕЛ + 2 * МАТ) + (1 * БЕЛ + 1 * М),1,26,0,0
225,Надежда,"54. СРЕДНО УЧИЛИЩЕ ""Свети ИВАН РИЛСКИ""",749,"Чужди езици - АЕ интензивно, ИЕ",профилирана,(3 * БЕЛ + 1 * МАТ) + (1 * БЕЛ + 1 * ЧЕз),1,26,0,0
226,Надежда,"54. СРЕДНО УЧИЛИЩЕ ""Свети ИВАН РИЛСКИ""",758,"Софтуерни и хардуерни науки - АЕ интензивно, РЕ",профилирана,(2 * БЕЛ + 2 * МАТ) + (1 * М + 1 * ИТ),1,26,0,0
227,Надежда,"54. СРЕДНО УЧИЛИЩЕ ""Свети ИВАН РИЛСКИ""",4040,"Чужди езици - АЕ интензивно, НЕ",профилирана,(3 * БЕЛ + 1 * МАТ) + (1 * БЕЛ + 1 * ЧЕз),1,26,0,0
228,Надежда,"101. СРЕДНО УЧИЛИЩЕ ""БАЧО КИРО"", ГР.СОФИЯ",2886,"Икономическо развитие - АЕ интензивно, НЕ",профилирана,(3 * БЕЛ + 1 * МАТ) + (1 * ГИ + 1 * ИТ),1,26,0,0
229,Надежда,"101. СРЕДНО УЧИЛИЩЕ ""БАЧО КИРО"", ГР.СОФИЯ",2889,"Софтуерни и хардуерни науки - АЕ интензивно, НЕ",профилирана,(2 * БЕЛ + 2 * МАТ) + (1 * М + 1 * ИТ),1,26,0,0
230,Надежда,"101. СРЕДНО УЧИЛИЩЕ ""БАЧО КИРО"", ГР.СОФИЯ",4043,"Икономическо развитие-НЕ интензивно, АЕ",профилирана,(3 * БЕЛ + 1 * МАТ) + (1 * ГИ + 1 * ИТ),1,26,0,0
231,Нови Искър,"170 Средно  училище ""Васил Левски"", ГР.НОВИ ИСКЪР",2972,Компютърна графика- АЕ,професионална,(2 * БЕЛ + 2 * МАТ) + (1 * БЕЛ + 1 * ИТ),1,26,0,0
232,Нови Искър,"170 Средно  училище ""Васил Левски"", ГР.НОВИ ИСКЪР",3451,Електронна търговия - АЕ,професионална,(3 * БЕЛ + 1 * МАТ) + (1 * БЕЛ + 1 * ГИ),1,26,0,0
233,Нови Искър,"170 Средно  училище ""Васил Левски"", ГР.НОВИ ИСКЪР",3971,Софтуерни и хардуери науки - АЕ,профилирана,(2 * БЕЛ + 2 * МАТ) + (1 * БЕЛ + 1 * М),1,26,0,0
234,Нови Искър,"172 Обединено училище ""Христо Ботев"", ГР.НОВИ ИСКЪР",2807,Производство на облекло от текстил,професионална,(2 * БЕЛ + 2 * МАТ) + (1 * ИИ + 1 * ТП),1,26,0,0
235,Нови Искър,"176 ОУ, С.НЕГОВАН",2460,Софтуерни и хардуерни науки - АЕ,профилирана,(2 * БЕЛ + 2 * МАТ) + (1 * М + 1 * ИТ),1,26,0,0
236,Оборище,"1 Средно  училище  ""Пенчо П. Славейков""",1831,"Чужди езици - ИЕ интензивно, АЕ",профилирана,(3 * БЕЛ + 1 * МАТ) + (1 * БЕЛ + 1 * ЧЕз),1,26,0,0
237,Оборище,"1 Средно  училище  ""Пенчо П. Славейков""",1900,"Природни науки - Биология и здравно образование - ИЕ интнензивно, АЕ",профилирана,(3 * БЕЛ + 1 * МАТ) + (1 * БЗО + 1 * ЧЕз),1,26,0,0
238,Оборище,"1 Средно  училище  ""Пенчо П. Славейков""",1906,"Чужди езици - АЕ интензивно, ИЕ",профилирана,(3 * БЕЛ + 1 * МАТ) + (1 * БЕЛ + 1 * ЧЕз),1,26,0,0
239,Оборище,"1 Средно  училище  ""Пенчо П. Славейков""",1907,"Природни науки - Биология и здравно образование - АЕ интензивно, ИЕ",профилирана,(3 * БЕЛ + 1 * МАТ) + (1 * БЗО + 1 * ЧЕз),1,26,0,0
240,Оборище,"164. гимназия с преподаване  на испански език ""Мигел де Сервантес"", ГР.СОФИЯ",2561,"Чужди езици - ИЕ интензивно, АЕ",профилирана,(2 * БЕЛ + 2 * МАТ) + (1 * БЕЛ + 1 * М),1,0,13,13
241,Оборище,"164. гимназия с преподаване  на испански език ""Мигел де Сервантес"", ГР.СОФИЯ",2562,"Чужди езици - ИЕ интензивно, ФЕ",профилирана,(2 * БЕЛ + 2 * МАТ) + (1 * БЕЛ + 1 * М),2,0,26,26
242,Оборище,"164. гимназия с преподаване  на испански език ""Мигел де Сервантес"", ГР.СОФИЯ",2564,"Чужди езици - ИЕ интензивно, ИтЕ",профилирана,(2 * БЕЛ + 2 * МАТ) + (1 * БЕЛ + 1 * М),2,0,26,26
243,Оборище,"164. гимназия с преподаване  на испански език ""Мигел де Сервантес"", ГР.СОФИЯ",2569,"Чужди езици - ИЕ интензивно, ПортЕ",профилирана,(2 * БЕЛ + 2 * МАТ) + (1 * БЕЛ + 1 * М),1,0,13,13
244,Оборище,"Първа английска езикова гимназия, ГР.СОФИЯ",649,"Чужди езици - АЕ интензивно, РЕ",профилирана,(2 * БЕЛ + 2 * МАТ) + (1 * БЕЛ + 1 * М),1,0,13,13
245,Оборище,"Първа английска езикова гимназия, ГР.СОФИЯ",672,"Чужди езици - АЕ интензивно, ИЕ",профилирана,(2 * БЕЛ + 2 * МАТ) + (1 * БЕЛ + 1 * М),2,0,26,26
246,Оборище,"Първа английска езикова гимназия, ГР.СОФИЯ",727,"Чужди езици - АЕ интензивно, НЕ",профилирана,(2 * БЕЛ + 2 * МАТ) + (1 * БЕЛ + 1 * М),2,0,26,26
247,Оборище,"Първа английска езикова гимназия, ГР.СОФИЯ",752,"Чужди езици - АЕ интензивно, ФЕ",профилирана,(2 * БЕЛ + 2 * МАТ) + (1 * БЕЛ + 1 * М),2,0,26,26
248,Оборище,"Първа английска езикова гимназия, ГР.СОФИЯ",3349,"Предприемачество - АЕ интензивно, НЕ",профилирана,(2 * БЕЛ + 2 * МАТ) + (1 * БЕЛ + 1 * М),1,0,13,13
249,Оборище,"Софийска математическа гимназия  ""Паисий Хилендарски"", ГР.СОФИЯ",2277,Математически (математика и информатика) - АЕ (РИЧЕ),профилирана,(1 * БЕЛ + 3 * МАТ) + (1 * БЕЛ + 1 * М),3,78,0,0
250,Оборище,"Софийска математическа гимназия  ""Паисий Хилендарски"", ГР.СОФИЯ",2278,Математически (математика и информатика) - НЕ (ИИЧЕ),профилирана,(1 * БЕЛ + 3 * МАТ) + (1 * БЕЛ + 1 * М),1,26,0,0
251,Оборище,"Софийска математическа гимназия  ""Паисий Хилендарски"", ГР.СОФИЯ",3907,Математически (математика и физика) - АЕ (РИЧЕ),профилирана,(1 * БЕЛ + 3 * МАТ) + (1 * БЕЛ + 1 * М),1,26,0,0
252,Оборище,"Софийска математическа гимназия  ""Паисий Хилендарски"", ГР.СОФИЯ",3909,Математически (математика и физика) - НЕ (ИИЧЕ),профилирана,(1 * БЕЛ + 3 * МАТ) + (1 * БЕЛ + 1 * М),1,26,0,0
253,Оборище,"Професионална гимназия по  механоелектротехника ""Н.Й.Вапцаров""",2173,Металообработващи машини,професионална,(2 * БЕЛ + 2 * МАТ) + (1 * БЕЛ + 1 * М),1,26,0,0
254,Оборище,"Професионална гимназия по  механоелектротехника ""Н.Й.Вапцаров""",2177,Електрообзавеждане на производството - електромонтьор,професионална,(2 * БЕЛ + 2 * МАТ) + (1 * БЕЛ + 1 * М),1,26,0,0
255,Оборище,"Професионална гимназия по  механоелектротехника ""Н.Й.Вапцаров""",2193,Промишлена електроника - АЕ,професионална,(2 * БЕЛ + 2 * МАТ) + (1 * БЕЛ + 1 * М),1,26,0,0
256,Оборище,"СОФИЙСКА ПРОФЕСИОНАЛНА ГИМНАЗИЯ ПО ТУРИЗЪМ, ГР.СОФИЯ",1277,Кетъринг - РЕ,професионална,(2 * БЕЛ + 2 * МАТ) + (1 * ГИ + 1 * БЗО),1,26,0,0
257,Оборище,"СОФИЙСКА ПРОФЕСИОНАЛНА ГИМНАЗИЯ ПО ТУРИЗЪМ, ГР.СОФИЯ",1281,Кетъринг - ИЕ,професионална,(2 * БЕЛ + 2 * МАТ) + (1 * ГИ + 1 * БЗО),1,26,0,0
258,Оборище,"СОФИЙСКА ПРОФЕСИОНАЛНА ГИМНАЗИЯ ПО ТУРИЗЪМ, ГР.СОФИЯ",1283,Производство и обслужване в заведенията за хранене и развлечения - ИтЕ,професионална,(2 * БЕЛ + 2 * МАТ) + (1 * ГИ + 1 * БЗО),1,26,0,0
259,Оборище,"СОФИЙСКА ПРОФЕСИОНАЛНА ГИМНАЗИЯ ПО ТУРИЗЪМ, ГР.СОФИЯ",1284,Производство и обслужване в заведенията за хранене и развлечения - НЕ,професионална,(2 * БЕЛ + 2 * МАТ) + (1 * ГИ + 1 * БЗО),1,26,0,0
260,Оборище,"СОФИЙСКА ПРОФЕСИОНАЛНА ГИМНАЗИЯ ПО ТУРИЗЪМ, ГР.СОФИЯ",1285,Организация на хотелиерството - АЕ,професионална,(2 * БЕЛ + 2 * МАТ) + (1 * ГИ + 1 * БЗО),1,26,0,0
261,Оборище,"СОФИЙСКА ПРОФЕСИОНАЛНА ГИМНАЗИЯ ПО ТУРИЗЪМ, ГР.СОФИЯ",1286,Организация на обслужването в хотелиерството - АЕ,професионална,(2 * БЕЛ + 2 * МАТ) + (1 * ГИ + 1 * БЗО),1,26,0,0
262,Оборище,"СОФИЙСКА ПРОФЕСИОНАЛНА ГИМНАЗИЯ ПО ТУРИЗЪМ, ГР.СОФИЯ",1287,Екскурзоводско обслужване - АЕ,професионална,(2 * БЕЛ + 2 * МАТ) + (1 * ГИ + 1 * БЗО),1,26,0,0
263,Овча купел,"66 Средно училище ""Филип Станиславов""",3935,Предприемачески,профилирана,(2 * БЕЛ + 2 * МАТ) + (1 * БЕЛ + 1 * М),1,26,0,0
264,Овча купел,"88. Средно училище  ""Димитър Попниколов""",1356,Туристическа анимация - АЕ интензивно,професионална,(2 * БЕЛ + 2 * МАТ) + (1 * БЕЛ + 1 * ЧЕз),1,26,0,0
265,Овча купел,"88. Средно училище  ""Димитър Попниколов""",1353,Чужди езици - АЕ интензивно,профилирана,(2 * БЕЛ + 2 * МАТ) + (1 * БЕЛ + 1 * ЧЕз),1,26,0,0
266,Овча купел,"149  Средно училище ,,Иван Хаджийски""",1060,"Софтуерни и хардуерни науки - АЕ интензивно, РЕ",профилирана,(3 * БЕЛ + 1 * МАТ) + (1 * БЕЛ + 1 * ЧЕз),1,26,0,0
267,Овча купел,"НАЦИОНАЛНО СРЕДНО УЧИЛИЩЕ ""СОФИЯ""",2692,"Изобразително изкуство - АЕ, РЕ",профилирана,(1 * БЕЛ + 1 * МАТ + 2 * ИИ) + (1 * ИИ + 1 * ИТ),1,26,0,0
268,Овча купел,"НАЦИОНАЛНО СРЕДНО УЧИЛИЩЕ ""СОФИЯ""",4011,"Предприемачески - АЕ, РЕ",профилирана,(2 * БЕЛ + 2 * МАТ) + (1 * ГИ + 1 * ТП),1,26,0,0
269,Овча купел,"ПРОФЕСИОНАЛНА ГИМНАЗИЯ  ПО ЕЛЕКТРОТЕХНИКА И АВТОМАТИКА, ГР.СОФИЯ",2115,Компютърни мрежи - АЕ,професионална,(1 * БЕЛ + 3 * МАТ) + (1 * БЕЛ + 1 * М),1,26,0,0
270,Овча купел,"ПРОФЕСИОНАЛНА ГИМНАЗИЯ  ПО ЕЛЕКТРОТЕХНИКА И АВТОМАТИКА, ГР.СОФИЯ",2123,Компютърна техника и технологии - АЕ,професионална,(1 * БЕЛ + 3 * МАТ) + (1 * БЕЛ + 1 * М),1,26,0,0
271,Овча купел,"ПРОФЕСИОНАЛНА ГИМНАЗИЯ  ПО ЕЛЕКТРОТЕХНИКА И АВТОМАТИКА, ГР.СОФИЯ",2133,Системно програмиране - АЕ,професионална,(1 * БЕЛ + 3 * МАТ) + (1 * БЕЛ + 1 * М),2,52,0,0
272,Овча купел,"ПРОФЕСИОНАЛНА ГИМНАЗИЯ  ПО ЕЛЕКТРОТЕХНИКА И АВТОМАТИКА, ГР.СОФИЯ",2138,Приложно програмиране - АЕ,професионална,(1 * БЕЛ + 3 * МАТ) + (1 * БЕЛ + 1 * М),2,52,0,0
273,Овча купел,"ПРОФЕСИОНАЛНА ГИМНАЗИЯ  ПО ЕЛЕКТРОТЕХНИКА И АВТОМАТИКА, ГР.СОФИЯ",2147,Автоматизация на непрекъснати производства - АЕ,професионална,(1 * БЕЛ + 3 * МАТ) + (1 * БЕЛ + 1 * М),1,26,0,0
274,Овча купел,"ПРОФЕСИОНАЛНА ГИМНАЗИЯ  ПО ЕЛЕКТРОТЕХНИКА И АВТОМАТИКА, ГР.СОФИЯ",3081,Електродомакинска техника - АЕ,професионална,(1 * БЕЛ + 3 * МАТ) + (1 * БЕЛ + 1 * М),0.5,13,0,0
275,Овча купел,"ПРОФЕСИОНАЛНА ГИМНАЗИЯ  ПО ЕЛЕКТРОТЕХНИКА И АВТОМАТИКА, ГР.СОФИЯ",3082,Охранителна техника и системи за сигурност - АЕ,професионална,(1 * БЕЛ + 3 * МАТ) + (1 * БЕЛ + 1 * М),1,26,0,0
276,Овча купел,"ПРОФЕСИОНАЛНА ГИМНАЗИЯ  ПО ЕЛЕКТРОТЕХНИКА И АВТОМАТИКА, ГР.СОФИЯ",3670,Електрически инсталации - АЕ,професионална,(1 * БЕЛ + 3 * МАТ) + (1 * БЕЛ + 1 * М),0.5,13,0,0
277,Овча купел,"ПРОФЕСИОНАЛНА ГИМНАЗИЯ  ПО ЕЛЕКТРОТЕХНИКА И АВТОМАТИКА, ГР.СОФИЯ",3864,Програмиране на изкуствен интелект - АЕ,професионална,(1 * БЕЛ + 3 * МАТ) + (1 * БЕЛ + 1 * М),1,26,0,0
278,Овча купел,"ПРОФЕСИОНАЛНА ГИМНАЗИЯ  ПО СЕЛСКО СТОПАНСТВО ""БУЗЕМА"", ГР.СОФИЯ",2901,Трайни насаждения,професионална,(2 * БЕЛ + 2 * МАТ) + (1 * БЗО + 1 * ХООС),1,26,0,0
279,Овча купел,"ПРОФЕСИОНАЛНА ГИМНАЗИЯ  ПО СЕЛСКО СТОПАНСТВО ""БУЗЕМА"", ГР.СОФИЯ",2903,Цветарство,професионална,(2 * БЕЛ + 2 * МАТ) + (1 * БЗО + 1 * ХООС),1,26,0,0
280,Овча купел,"ПРОФЕСИОНАЛНА ГИМНАЗИЯ  ПО СЕЛСКО СТОПАНСТВО ""БУЗЕМА"", ГР.СОФИЯ",2905,Каменоделство,професионална,(2 * БЕЛ + 2 * МАТ) + (1 * ХООС + 1 * ИИ),1,26,0,0
281,Панчарево,"71 Средно училище ""Пейо Яворов"", С.КАЗИЧЕНЕ",1725,Икономическо развитие,профилирана,(2 * БЕЛ + 2 * МАТ) + (1 * ГИ + 1 * ЧЕз),1,26,0,0
282,Панчарево,"192. СРЕДНО УЧИЛИЩЕ  ""ХРИСТО БОТЕВ"", С.БИСТРИЦА",2952,Туристическа анимация,професионална,(3 * БЕЛ + 1 * МАТ) + (1 * ГИ + 1 * ЧЕз),1,26,0,0
283,Подуяне,"24 Средно училище  ""П.К.Яворов"", ГР.СОФИЯ",2439,Предприемачески,профилирана,(2 * БЕЛ + 2 * МАТ) + (1 * ГИ + 1 * ЧЕз),1,26,0,0
284,Подуяне,"44. Средно училище ""Неофит Бозвели""",1536,"Софтуерни и хардуерни науки - АЕ интензивно, ИЕ",профилирана,(2 * БЕЛ + 2 * МАТ) + (1 * ИТ + 1 * ЧЕз),1,26,0,0
285,Подуяне,"44. Средно училище ""Неофит Бозвели""",1538,"Софтуерни и хардуерни науки - НЕ интензивно, АЕ",профилирана,(2 * БЕЛ + 2 * МАТ) + (1 * ИТ + 1 * ЧЕз),1,26,0,0
286,Подуяне,"95 СУ ""Проф. Иван Шишманов"", ГР.СОФИЯ",2354,"Чужди езици - АЕ интензивно, РЕ",профилирана,(2 * БЕЛ + 2 * МАТ) + (1 * БЕЛ + 1 * ЧЕз),1,26,0,0
287,Подуяне,"95 СУ ""Проф. Иван Шишманов"", ГР.СОФИЯ",2359,"Чужди езици - РЕ интензивно, АЕ",профилирана,(2 * БЕЛ + 2 * МАТ) + (1 * БЕЛ + 1 * ЧЕз),1,26,0,0
288,Подуяне,"95 СУ ""Проф. Иван Шишманов"", ГР.СОФИЯ",2459,"Природни науки - АЕ интензивно, РЕ",профилирана,(1 * БЕЛ + 3 * МАТ) + (1 * М + 1 * БЗО),1,26,0,0
289,Подуяне,"95 СУ ""Проф. Иван Шишманов"", ГР.СОФИЯ",3354,"Предприемачески - АЕ интензивно, РЕ",профилирана,(2 * БЕЛ + 2 * МАТ) + (1 * ГИ + 1 * ИТ),1,26,0,0
290,Подуяне,"130. средно училище ""Стефан Караджа""",2236,Продавач-консултант,професионална,(2 * БЕЛ + 2 * МАТ) + (1 * БЕЛ + 1 * ИТ),1,26,0,0
291,Подуяне,"130. средно училище ""Стефан Караджа""",3506,"Икономическо развитие - АЕ, НЕ",профилирана,(2 * БЕЛ + 2 * МАТ) + (1 * ГИ + 1 * ЧЕз),1,26,0,0
292,Сердика,"14. средно училище ""Проф. д-р Асен Златаров""",1312,"Обществени науки - АЕ, РЕ",профилирана,(3 * БЕЛ + 1 * МАТ) + (1 * БЕЛ + 1 * ГИ),1,26,0,0
293,Сердика,"29. Средно училище  ""Кузман Шапкарев""",2408,Софтуерни и хардуерни науки - АЕ интензивно,профилирана,(3 * БЕЛ + 1 * МАТ) + (1 * ИТ + 1 * ЧЕз),1,26,0,0
294,Сердика,"29. Средно училище  ""Кузман Шапкарев""",3515,Софтуерни и хардуерни науки,профилирана,(3 * БЕЛ + 1 * МАТ) + (1 * ИТ + 1 * ЧЕз),1,26,0,0
295,Сердика,"59 ОБЕДИНЕНО УЧИЛИЩЕ  ""ВАСИЛ ЛЕВСКИ""",1530,Готвач,професионална,(2 * БЕЛ + 2 * МАТ) + (1 * БЕЛ + 1 * ГИ),1,26,0,0
296,Сердика,"Профилирана гимназия за изобразителни изкуства  ""Професор Николай Райнов""",1572,Компютърна графика,професионална,(1 * БЕЛ + 1 * МАТ + 2 * ИИ) + (1 * БЕЛ + 1 * ИИ),1,26,0,0
297,Сердика,"Профилирана гимназия за изобразителни изкуства  ""Професор Николай Райнов""",4092,Компютърна графика - АЕ,професионална,(1 * БЕЛ + 1 * МАТ + 2 * ИИ) + (1 * БЕЛ + 1 * ИИ),1,26,0,0
298,Сердика,"Профилирана гимназия с интензивно изучаване на румънски език  ""МИХАЙ ЕМИНЕСКУ""",2934,"Чужди езици - РумЕ интензивно, АЕ",профилирана,(3 * БЕЛ + 1 * МАТ) + (1 * БЕЛ + 1 * ЧЕз),1,26,0,0
299,Сердика,"Профилирана гимназия с интензивно изучаване на румънски език  ""МИХАЙ ЕМИНЕСКУ""",2935,"Чужди езици - ИЕ интензивно, РумЕ",профилирана,(3 * БЕЛ + 1 * МАТ) + (1 * БЕЛ + 1 * ЧЕз),1,26,0,0
300,Слатина,"23 Средно училище ""Фредерик Жолио-Кюри""",916,"Чужди езици - ИтЕ интензивно, АЕ",профилирана,(3 * БЕЛ + 1 * МАТ) + (1 * БЕЛ + 1 * ЧЕз),1,26,0,0
301,Слатина,"23 Средно училище ""Фредерик Жолио-Кюри""",930,"Предприемачески - АЕ, ИтЕ",профилирана,(2 * БЕЛ + 2 * МАТ) + (1 * ИТ + 1 * ЧЕз),1,26,0,0
302,Слатина,"23 Средно училище ""Фредерик Жолио-Кюри""",939,"Икономическо развитие - АЕ, ИтЕ",профилирана,(2 * БЕЛ + 2 * МАТ) + (1 * ИТ + 1 * ЧЕз),1,26,0,0
303,Слатина,"31 Средно училище за чужди езици  и математика ""Иван Вазов"", ГР.СОФИЯ",2755,"Чужди езици - АЕ интензивно,   ИЕ",профилирана,(2 * БЕЛ + 2 * МАТ) + (1 * БЕЛ + 1 * ЧЕз),1,26,0,0
304,Слатина,"31 Средно училище за чужди езици  и математика ""Иван Вазов"", ГР.СОФИЯ",2759,"Чужди езици - НЕ интензивно,   АЕ",профилирана,(2 * БЕЛ + 2 * МАТ) + (1 * БЕЛ + 1 * ЧЕз),1,26,0,0
305,Слатина,"31 Средно училище за чужди езици  и математика ""Иван Вазов"", ГР.СОФИЯ",2766,"Чужди езици - ИЕ интензивно,   АЕ",профилирана,(2 * БЕЛ + 2 * МАТ) + (1 * БЕЛ + 1 * ЧЕз),1,26,0,0
306,Слатина,"31 Средно училище за чужди езици  и математика ""Иван Вазов"", ГР.СОФИЯ",3018,"Математически - АЕ интензивно, НЕ",профилирана,(2 * БЕЛ + 2 * МАТ) + (1 * БЕЛ + 1 * М),2,52,0,0
307,Слатина,"93-то Средно училище ""Александър Теодоров - Балан"", ГР.СОФИЯ",2876,"Обществени науки - РЕ интензивно, АЕ",профилирана,(3 * БЕЛ + 1 * МАТ) + (1 * ИЦ + 1 * ИТ),1,26,0,0
308,Слатина,"93-то Средно училище ""Александър Теодоров - Балан"", ГР.СОФИЯ",2878,"Обществени науки - АЕ интензивно, РЕ",профилирана,(3 * БЕЛ + 1 * МАТ) + (1 * БЕЛ + 1 * ИТ),1,26,0,0
309,Слатина,"93-то Средно училище ""Александър Теодоров - Балан"", ГР.СОФИЯ",4038,"Софтуерни и хардуерни науки - РЕ интензивно, АЕ",профилирана,(3 * БЕЛ + 1 * МАТ) + (1 * ИИ + 1 * ИТ),1,26,0,0
310,Слатина,"94 СРЕДНО УЧИЛИЩЕ ""Димитър Страшимиров""",2535,Производство на облекло от текстил,професионална,(2 * БЕЛ + 2 * МАТ) + (1 * БЕЛ + 1 * ИИ),1,26,0,0
311,Слатина,"94 СРЕДНО УЧИЛИЩЕ ""Димитър Страшимиров""",2539,Логистика на товари и услуги - куриер /АЕ/,професионална,(2 * БЕЛ + 2 * МАТ) + (1 * БЕЛ + 1 * ГИ),1,26,0,0
312,Слатина,"94 СРЕДНО УЧИЛИЩЕ ""Димитър Страшимиров""",4108,Логистика на товари и услуги - куриер /РЕ/,професионална,(2 * БЕЛ + 2 * МАТ) + (1 * БЕЛ + 1 * ГИ),1,26,0,0
313,Слатина,"94 СРЕДНО УЧИЛИЩЕ ""Димитър Страшимиров""",2525,Предприемачески,профилирана,(2 * БЕЛ + 2 * МАТ) + (1 * БЕЛ + 1 * ГИ),1,26,0,0
314,Слатина,"138. СРЕДНО УЧИЛИЩЕ ЗА ЗАПАДНИ И ИЗТОЧНИ ЕЗИЦИ ""ПРОФ. ВАСИЛ ЗЛАТАРСКИ""",1354,"Математически - АЕ интензивно, ИЕ",профилирана,(2 * БЕЛ + 2 * МАТ) + (1 * БЕЛ + 1 * М),1,26,0,0
315,Слатина,"138. СРЕДНО УЧИЛИЩЕ ЗА ЗАПАДНИ И ИЗТОЧНИ ЕЗИЦИ ""ПРОФ. ВАСИЛ ЗЛАТАРСКИ""",2451,"Чужди езици - КитЕ интензивно,    АЕ",профилирана,(3 * БЕЛ + 1 * МАТ) + (1 * БЕЛ + 1 * М),1,26,0,0
316,Слатина,"138. СРЕДНО УЧИЛИЩЕ ЗА ЗАПАДНИ И ИЗТОЧНИ ЕЗИЦИ ""ПРОФ. ВАСИЛ ЗЛАТАРСКИ""",2456,"Чужди езици - ЯЕ интензивно,   АЕ",профилирана,(3 * БЕЛ + 1 * МАТ) + (1 * БЕЛ + 1 * М),1,26,0,0
317,Слатина,"138. СРЕДНО УЧИЛИЩЕ ЗА ЗАПАДНИ И ИЗТОЧНИ ЕЗИЦИ ""ПРОФ. ВАСИЛ ЗЛАТАРСКИ""",2466,"Софтуерни и хардуени науки - АЕ интензивно, КорЕ",профилирана,(2 * БЕЛ + 2 * МАТ) + (1 * БЕЛ + 1 * М),1,26,0,0
318,Слатина,"157 Гимназия с изучаване на чужд език ""Сесар Вайехо"", ГР.СОФИЯ",1023,"Чужди езици - ИЕ интензивно, АЕ",профилирана,(2 * БЕЛ + 2 * МАТ) + (1 * БЕЛ + 1 * М),5,130,0,0
319,Слатина,"ПРОФЕСИОНАЛНА ГИМНАЗИЯ  ПО ТРАНСПОРТ ""МАКГАХАН"", ГР.СОФИЯ",2165,Автомобилна мехатроника - АЕ,професионална,(2 * БЕЛ + 2 * МАТ) + (1 * БЕЛ + 1 * М),1,26,0,0
320,Слатина,"ПРОФЕСИОНАЛНА ГИМНАЗИЯ  ПО ТРАНСПОРТ ""МАКГАХАН"", ГР.СОФИЯ",2178,Ремонт на летателни апарати - АЕ,професионална,(2 * БЕЛ + 2 * МАТ) + (1 * БЕЛ + 1 * М),1,26,0,0
321,Слатина,"ПРОФЕСИОНАЛНА ГИМНАЗИЯ  ПО ТРАНСПОРТ ""МАКГАХАН"", ГР.СОФИЯ",2187,Спедиция транспортна и складова логистика - АЕ (дневна),професионална,(2 * БЕЛ + 2 * МАТ) + (1 * БЕЛ + 1 * М),0.5,13,0,0
322,Слатина,"ПРОФЕСИОНАЛНА ГИМНАЗИЯ  ПО ТРАНСПОРТ ""МАКГАХАН"", ГР.СОФИЯ",2212,Спедиция транспортна и складова логистика - АЕ (дуална),професионална,(2 * БЕЛ + 2 * МАТ) + (1 * БЕЛ + 1 * М),0.5,13,0,0
323,Слатина,"ПРОФЕСИОНАЛНА ГИМНАЗИЯ  ПО ТРАНСПОРТ ""МАКГАХАН"", ГР.СОФИЯ",3500,Автотранспортна техника - техник АЕ,професионална,(2 * БЕЛ + 2 * МАТ) + (1 * БЕЛ + 1 * М),1,26,0,0
324,Слатина,"ПРОФЕСИОНАЛНА ГИМНАЗИЯ  ПО ТРАНСПОРТ ""МАКГАХАН"", ГР.СОФИЯ",3934,Електрически превозни средства - техник АЕ,професионална,(2 * БЕЛ + 2 * МАТ) + (1 * БЕЛ + 1 * М),1,26,0,0
325,Средец,"7. СРЕДНО УЧИЛИЩЕ  ""СВ. СЕДМОЧИСЛЕНИЦИ""",359,"Чужди езици - АЕ интензивно, ИЕ",профилирана,(2 * БЕЛ + 2 * МАТ) + (1 * БЕЛ + 1 * М),2,52,0,0
326,Средец,"7. СРЕДНО УЧИЛИЩЕ  ""СВ. СЕДМОЧИСЛЕНИЦИ""",360,"Чужди езици - АЕ интензивно, НЕ",профилирана,(2 * БЕЛ + 2 * МАТ) + (1 * БЕЛ + 1 * М),1,26,0,0
327,Средец,"7. СРЕДНО УЧИЛИЩЕ  ""СВ. СЕДМОЧИСЛЕНИЦИ""",361,"Софтуерни и хардуерни науки - АЕ интензивно, НЕ",профилирана,(2 * БЕЛ + 2 * МАТ) + (1 * БЕЛ + 1 * М),1,26,0,0
328,Средец,"7. СРЕДНО УЧИЛИЩЕ  ""СВ. СЕДМОЧИСЛЕНИЦИ""",363,"Чужди езици - АЕ интензивно, ФЕ",профилирана,(2 * БЕЛ + 2 * МАТ) + (1 * БЕЛ + 1 * М),1,26,0,0
329,Средец,"9 Френска езикова гимназия  ""Алфонс дьо Ламартин"", ГР.СОФИЯ",2158,"Чужди езици - ФЕ интензивно,   АЕ",профилирана,(2 * БЕЛ + 2 * МАТ) + (1 * БЕЛ + 1 * М),3,0,39,39
330,Средец,"9 Френска езикова гимназия  ""Алфонс дьо Ламартин"", ГР.СОФИЯ",2163,"Чужди езици - ФЕ интензивно,  ИЕ",профилирана,(2 * БЕЛ + 2 * МАТ) + (1 * БЕЛ + 1 * М),3,0,39,39
331,Средец,"9 Френска езикова гимназия  ""Алфонс дьо Ламартин"", ГР.СОФИЯ",2168,"Чужди езици - ФЕ интензивно,  НЕ",профилирана,(2 * БЕЛ + 2 * МАТ) + (1 * БЕЛ + 1 * М),1,0,13,13
332,Средец,"12 Средно  училище "" Цар Иван Асен II""",2159,"Природни науки - АЕ интензивно, НЕ",профилирана,(2 * БЕЛ + 2 * МАТ) + (1 * БЗО + 1 * ХООС),1,26,0,0
333,Средец,"12 Средно  училище "" Цар Иван Асен II""",2209,Чужди езици - НЕ интензивно,профилирана,(3 * БЕЛ + 1 * МАТ) + (1 * БЕЛ + 1 * ЧЕз),1,26,0,0
334,Средец,"12 Средно  училище "" Цар Иван Асен II""",2215,"Предприемачески - ФЕ интензивно, АЕ",профилирана,(2 * БЕЛ + 2 * МАТ) + (1 * БЕЛ + 1 * ИТ),1,26,0,0
335,Средец,"127 СРЕДНО УЧИЛИЩЕ ""Иван Николаевич Денкоглу"", ГР.СОФИЯ",1358,"Хумантарни науки - АЕ интензивно, НЕ",профилирана,(2 * БЕЛ + 2 * МАТ) + (1 * БЕЛ + 1 * М),1,26,0,0
336,Средец,"127 СРЕДНО УЧИЛИЩЕ ""Иван Николаевич Денкоглу"", ГР.СОФИЯ",1362,"Хуманитарни науки - ИЕ интензивно, АЕ",профилирана,(2 * БЕЛ + 2 * МАТ) + (1 * БЕЛ + 1 * М),1,26,0,0
337,Средец,"127 СРЕДНО УЧИЛИЩЕ ""Иван Николаевич Денкоглу"", ГР.СОФИЯ",1364,"Природни науки - АЕ интензивно, ИЕ",профилирана,(2 * БЕЛ + 2 * МАТ) + (1 * БЕЛ + 1 * М),1,26,0,0
338,Средец,"127 СРЕДНО УЧИЛИЩЕ ""Иван Николаевич Денкоглу"", ГР.СОФИЯ",1365,"Природни науки - ИЕ интензивно, АЕ",профилирана,(2 * БЕЛ + 2 * МАТ) + (1 * БЕЛ + 1 * М),1,26,0,0
339,Средец,"127 СРЕДНО УЧИЛИЩЕ ""Иван Николаевич Денкоглу"", ГР.СОФИЯ",1366,"Предприемачески - АЕ интензивно, ИЕ",профилирана,(2 * БЕЛ + 2 * МАТ) + (1 * БЕЛ + 1 * М),1,26,0,0
340,Средец,"127 СРЕДНО УЧИЛИЩЕ ""Иван Николаевич Денкоглу"", ГР.СОФИЯ",3148,"Предприемачески - ИЕ интензивно, АЕ",профилирана,(2 * БЕЛ + 2 * МАТ) + (1 * БЕЛ + 1 * М),1,26,0,0
341,Средец,"133 Средно училище  „Александър Сергеевич Пушкин”, ГР.СОФИЯ",2269,"Чужди езици - АЕ интензивно, РЕ",профилирана,(2 * БЕЛ + 2 * МАТ) + (1 * БЕЛ + 1 * М),1,0,13,13
342,Средец,"133 Средно училище  „Александър Сергеевич Пушкин”, ГР.СОФИЯ",2270,"Чужди езици - ФЕ интензивно, РЕ",профилирана,(2 * БЕЛ + 2 * МАТ) + (1 * БЕЛ + 1 * М),1,0,13,13
343,Средец,"133 Средно училище  „Александър Сергеевич Пушкин”, ГР.СОФИЯ",2272,"Чужди езици - РЕ интензивно, АЕ",профилирана,(2 * БЕЛ + 2 * МАТ) + (1 * БЕЛ + 1 * М),2,0,26,26
344,Студентски,"55 СРЕДНО УЧИЛИЩЕ  ""ПЕТКО КАРАВЕЛОВ""",2144,"Софтуерни и хардуерни науки - АЕ интензивно, НЕ",профилирана,(2 * БЕЛ + 2 * МАТ) + (1 * ИТ + 1 * ЧЕз),1,26,0,0
345,Студентски,"55 СРЕДНО УЧИЛИЩЕ  ""ПЕТКО КАРАВЕЛОВ""",4102,"Софтуерни и хардуерни науки - АЕ интензивно, РЕ",профилирана,(2 * БЕЛ + 2 * МАТ) + (1 * ИТ + 1 * ЧЕз),1,26,0,0
346,Студентски,"ПРОФЕСИОНАЛНА ГИМНАЗИЯ  ПО ТЕЛЕКОМУНИКАЦИИ, ГР.СОФИЯ",707,Оптически комуникационни системи - АЕ,професионална,(1 * БЕЛ + 3 * МАТ) + (1 * М + 1 * ФА),1,26,0,0
347,Студентски,"ПРОФЕСИОНАЛНА ГИМНАЗИЯ  ПО ТЕЛЕКОМУНИКАЦИИ, ГР.СОФИЯ",722,Компютърни мрежи - АЕ,професионална,(1 * БЕЛ + 3 * МАТ) + (1 * М + 1 * ФА),1,26,0,0
348,Студентски,"ПРОФЕСИОНАЛНА ГИМНАЗИЯ  ПО ТЕЛЕКОМУНИКАЦИИ, ГР.СОФИЯ",730,Компютърна техника и технологии - АЕ,професионална,(1 * БЕЛ + 3 * МАТ) + (1 * М + 1 * ФА),1,26,0,0
349,Студентски,"ПРОФЕСИОНАЛНА ГИМНАЗИЯ  ПО ТЕЛЕКОМУНИКАЦИИ, ГР.СОФИЯ",738,Системно програмиране - АЕ,професионална,(1 * БЕЛ + 3 * МАТ) + (1 * М + 1 * ФА),1,26,0,0
350,Студентски,"ПРОФЕСИОНАЛНА ГИМНАЗИЯ  ПО ТЕЛЕКОМУНИКАЦИИ, ГР.СОФИЯ",743,Приложно програмиране - АЕ,професионална,(1 * БЕЛ + 3 * МАТ) + (1 * М + 1 * ФА),1,26,0,0
351,Студентски,"ПРОФЕСИОНАЛНА ГИМНАЗИЯ  ПО ТЕЛЕКОМУНИКАЦИИ, ГР.СОФИЯ",746,Икономическа информатика - АЕ,професионална,(1 * БЕЛ + 3 * МАТ) + (1 * М + 1 * ФА),1,26,0,0
352,Студентски,"ПРОФЕСИОНАЛНА ГИМНАЗИЯ  ПО ТЕЛЕКОМУНИКАЦИИ, ГР.СОФИЯ",3215,Телекомуникационни системи-АЕ,професионална,(1 * БЕЛ + 3 * МАТ) + (1 * М + 1 * ФА),1,26,0,0
353,Триадица,"22 Средно езиково училище  ""Георги Стойков Раковски"", ГР.СОФИЯ",2565,"Чужди езици - АЕ интензивно, ИЕ",профилирана,(2 * БЕЛ + 2 * МАТ) + (1 * БЕЛ + 1 * М),2,52,0,0
354,Триадица,"22 Средно езиково училище  ""Георги Стойков Раковски"", ГР.СОФИЯ",2577,"Чужди езици - ИЕ интензивно, АЕ",профилирана,(2 * БЕЛ + 2 * МАТ) + (1 * БЕЛ + 1 * М),2,52,0,0
355,Триадица,"22 Средно езиково училище  ""Георги Стойков Раковски"", ГР.СОФИЯ",3017,"Чужди езици - АЕ интензивно, НЕ",профилирана,(2 * БЕЛ + 2 * МАТ) + (1 * БЕЛ + 1 * М),1,26,0,0
356,Триадица,"22 Средно езиково училище  ""Георги Стойков Раковски"", ГР.СОФИЯ",3635,"Природни науки ИЕ - интензивно, АЕ, БЗО, ХООС",профилирана,(2 * БЕЛ + 2 * МАТ) + (1 * БЗО + 1 * ХООС),1,26,0,0
357,Триадица,"47 Средно училище ""Христо Груев Данов"", ГР.СОФИЯ",515,"Предприемачески - АЕ интензивно, НЕ",профилирана,(2 * БЕЛ + 2 * МАТ) + (1 * ГИ + 1 * ИТ),1,26,0,0
358,Триадица,"47 Средно училище ""Христо Груев Данов"", ГР.СОФИЯ",3873,"Предприемачески - АЕ разширено, РЕ",профилирана,(2 * БЕЛ + 2 * МАТ) + (1 * ГИ + 1 * ИТ),1,26,0,0
359,Триадица,"73.СУ с преподаване на чужди езици  ""Владислав Граматик"", ГР.СОФИЯ",2651,"Чужди езици - НЕ интензивно, РЕ",профилирана,(2 * БЕЛ + 2 * МАТ) + (1 * БЕЛ + 1 * М),2,0,26,26
360,Триадица,"73.СУ с преподаване на чужди езици  ""Владислав Граматик"", ГР.СОФИЯ",2656,"Чужди езици - НЕ интензивно, ФЕ",профилирана,(2 * БЕЛ + 2 * МАТ) + (1 * БЕЛ + 1 * М),1,0,13,13
361,Триадица,"73.СУ с преподаване на чужди езици  ""Владислав Граматик"", ГР.СОФИЯ",2658,"Чужди езици - НЕ интензивно, АЕ",профилирана,(2 * БЕЛ + 2 * МАТ) + (1 * БЕЛ + 1 * М),1,0,13,13
362,Триадица,"121 СРЕДНО УЧИЛИЩЕ ""ГЕОРГИ ИЗМИРЛИЕВ"", ГР.СОФИЯ",2637,Софтуерни и хардуерни науки - АЕ,профилирана,(2 * БЕЛ + 2 * МАТ) + (1 * М + 1 * ИТ),1,26,0,0
363,Триадица,"121 СРЕДНО УЧИЛИЩЕ ""ГЕОРГИ ИЗМИРЛИЕВ"", ГР.СОФИЯ",2642,Предприемачески - АЕ,профилирана,(2 * БЕЛ + 2 * МАТ) + (1 * ГИ + 1 * ЧЕз),1,26,0,0
364,Триадица,"121 СРЕДНО УЧИЛИЩЕ ""ГЕОРГИ ИЗМИРЛИЕВ"", ГР.СОФИЯ",2647,Софтуерни и хардуерни науки - ИЕ,профилирана,(2 * БЕЛ + 2 * МАТ) + (1 * М + 1 * ИТ),1,26,0,0
365,Триадица,"Втора английска езикова гимназия  ""Томас Джеферсън"", ГР.СОФИЯ",2018,"Чужди езици - АЕ интензивно, НЕ ,М, ФА",профилирана,(2 * БЕЛ + 2 * МАТ) + (1 * БЕЛ + 1 * М),1,0,13,13
366,Триадица,"Втора английска езикова гимназия  ""Томас Джеферсън"", ГР.СОФИЯ",2020,"Чужди езици - АЕ интензивно, НЕ, БЕЛ, ИЦ",профилирана,(2 * БЕЛ + 2 * МАТ) + (1 * БЕЛ + 1 * М),1,0,13,13
367,Триадица,"Втора английска езикова гимназия  ""Томас Джеферсън"", ГР.СОФИЯ",2022,"Чужди езици - АЕ интензивно, НЕ, БЗО, ХООС",профилирана,(2 * БЕЛ + 2 * МАТ) + (1 * БЕЛ + 1 * М),1,0,13,13
368,Триадица,"Втора английска езикова гимназия  ""Томас Джеферсън"", ГР.СОФИЯ",2025,"Чужди езици АЕ интензивно, ИЕ, М, ГИ",профилирана,(2 * БЕЛ + 2 * МАТ) + (1 * БЕЛ + 1 * М),1,0,13,13
369,Триадица,"Втора английска езикова гимназия  ""Томас Джеферсън"", ГР.СОФИЯ",2028,"Чужди езици - АЕ интензивно, ИЕ, ИЦ, БЕЛ",профилирана,(2 * БЕЛ + 2 * МАТ) + (1 * БЕЛ + 1 * М),1,0,13,13
370,Триадица,"Втора английска езикова гимназия  ""Томас Джеферсън"", ГР.СОФИЯ",2030,"Чужди езици - АЕ интензивно, ИЕ, БЕЛ, ИТ",профилирана,(2 * БЕЛ + 2 * МАТ) + (1 * БЕЛ + 1 * М),1,0,13,13
371,Триадица,"Втора английска езикова гимназия  ""Томас Джеферсън"", ГР.СОФИЯ",2034,"Чужди езици - АЕ интензивно, РЕ, М, ИТ",профилирана,(2 * БЕЛ + 2 * МАТ) + (1 * БЕЛ + 1 * М),1,0,13,13
372,Триадица,"Професионална гимназия по дизайн ""Елисавета Вазова"", ГР.СОФИЯ",1290,"Интериорен дизайн- НЕ, АЕ",професионална,(3 * БЕЛ + 1 * МАТ) + (1 * ИИ + 1 * ИТ),0.5,13,0,0
373,Триадица,"Професионална гимназия по дизайн ""Елисавета Вазова"", ГР.СОФИЯ",1292,"Интериорен дизайн - ИтЕ, АЕ",професионална,(3 * БЕЛ + 1 * МАТ) + (1 * ИИ + 1 * ИТ),1,26,0,0
374,Триадица,"Професионална гимназия по дизайн ""Елисавета Вазова"", ГР.СОФИЯ",1294,"Графичен дизайн - АЕ, ИтЕ",професионална,(3 * БЕЛ + 1 * МАТ) + (1 * ИИ + 1 * ИТ),1,26,0,0
375,Триадица,"Професионална гимназия по дизайн ""Елисавета Вазова"", ГР.СОФИЯ",1296,"Рекламна графика - АЕ, ИтЕ",професионална,(3 * БЕЛ + 1 * МАТ) + (1 * ИИ + 1 * ИТ),1,26,0,0
376,Триадица,"Професионална гимназия по дизайн ""Елисавета Вазова"", ГР.СОФИЯ",3856,"Интериорен дизайн - ФЕ, ИтЕ",професионална,(3 * БЕЛ + 1 * МАТ) + (1 * ИИ + 1 * ИТ),0.5,13,0,0
377,Триадица,"НАЦИОНАЛНА ТЪРГОВСКО - БАНКОВА ГИМНАЗИЯ, ГР.СОФИЯ",751,"Банково дело - АЕ интензивно, НЕ",професионална,(2 * БЕЛ + 2 * МАТ) + (1 * БЕЛ + 1 * М),1,0,13,13
378,Триадица,"НАЦИОНАЛНА ТЪРГОВСКО - БАНКОВА ГИМНАЗИЯ, ГР.СОФИЯ",775,"Застрахователно и осигурително дело - НЕ интензивно, АЕ",професионална,(2 * БЕЛ + 2 * МАТ) + (1 * БЕЛ + 1 * М),1,0,13,13
379,Триадица,"НАЦИОНАЛНА ТЪРГОВСКО - БАНКОВА ГИМНАЗИЯ, ГР.СОФИЯ",777,"Оперативно счетоводство - РЕ интензивно, АЕ",професионална,(2 * БЕЛ + 2 * МАТ) + (1 * БЕЛ + 1 * М),1,0,13,13
380,Триадица,"НАЦИОНАЛНА ТЪРГОВСКО - БАНКОВА ГИМНАЗИЯ, ГР.СОФИЯ",779,"Бизнес администрация - ИЕ интензивно, АЕ",професионална,(2 * БЕЛ + 2 * МАТ) + (1 * БЕЛ + 1 * М),1,0,13,13
381,Триадица,"НАЦИОНАЛНА ТЪРГОВСКО - БАНКОВА ГИМНАЗИЯ, ГР.СОФИЯ",788,"Електронна търговия - АЕ интензивно, НЕ",професионална,(2 * БЕЛ + 2 * МАТ) + (1 * БЕЛ + 1 * М),2,0,26,26
382,Триадица,"НАЦИОНАЛНА ТЪРГОВСКО - БАНКОВА ГИМНАЗИЯ, ГР.СОФИЯ",802,"Икономическа информатика - АЕ интензивно, НЕ",професионална,(2 * БЕЛ + 2 * МАТ) + (1 * БЕЛ + 1 * М),1,0,13,13
383,Триадица,"НАЦИОНАЛНА ТЪРГОВСКО - БАНКОВА ГИМНАЗИЯ, ГР.СОФИЯ",933,"Банково дело - ФЕ интензивно, АЕ",професионална,(2 * БЕЛ + 2 * МАТ) + (1 * БЕЛ + 1 * М),1,0,13,13
384,Триадица,"НАЦИОНАЛНА ТЪРГОВСКО - БАНКОВА ГИМНАЗИЯ, ГР.СОФИЯ",937,"Банково дело - НЕ интензивно, АЕ",професионална,(2 * БЕЛ + 2 * МАТ) + (1 * БЕЛ + 1 * М),1,0,13,13
385,Триадица,"НАЦИОНАЛНА ТЪРГОВСКО - БАНКОВА ГИМНАЗИЯ, ГР.СОФИЯ",941,"Електронна търговия - РЕ интензивно, АЕ",професионална,(2 * БЕЛ + 2 * МАТ) + (1 * БЕЛ + 1 * М),1,0,13,13
,,ОБЩО:,,,,,417,9282,780,780
,,,,"Забележка: Балообразуването се формира, както следва:  (общо 4 пъти точките от НВО) + (2 оценки от 7. клас от свидетелството за завършено основно образование, превърнати в точки)",,,,,,
,,,,"Изключение са паралелките, за които се балообразува освен с НВО и с резултати от изпити за проверка на способностите и/или областни кръгове на олимпиади и национални състезания.",,,,,,
