"СВОБОДНИ МЕСТА ЗА ТРЕТИ ЕТАП НА КЛАСИРАНЕ ПО ПАРАЛЕЛКИ С КОДОВЕ ПО УЧИЛИЩА, 
ПРИЕМ В VIII КЛАС ЗА УЧЕБНАТА 2023/ 2024 ГОДИНА ",,,,,,,,
,,,,,,,,
"Забележки: 
- Оцветените в синьо паралелки са с прием по квоти!!!
- Паралелките на сив фон са без свободни места",,,,,,,,
№ по ред,Училище,,Паралелка,,Брой паралелки,Свободни места,,
,Код,Име,Код,Име,,Общо,Мъже,Жени
,,,,,,,,
1,2201078,"78. Средно училище ""Христо Смирненски""",0463,Извършване на термални процедури - АЕ,1,19,-,-
2,2201078,"78. Средно училище ""Христо Смирненски""",0468,Софтуерни и хардуерни науки - АЕ интензивно,1,5,-,-
3,2201400,"Професионална гимназия по туризъм ""Алеко Константинов""",0344,Организация на хотелиерството - АЕ,1,9,-,-
4,2201400,"Професионална гимназия по туризъм ""Алеко Константинов""",0355,Производство и обслужване в заведенията за хранене и развлечения - АЕ,1,18,-,-
5,2201400,"Професионална гимназия по туризъм ""Алеко Константинов""",0358,Кетъринг - АЕ,1,19,-,-
6,2201400,"Професионална гимназия по туризъм ""Алеко Константинов""",0362,Производство на кулинарни изделия и напитки - готвач,1,2,-,-
7,2202002,"2 Средно училище ""Академик Емилиян Станев """,0947,"Софтуерни и хардуерни науки - АЕ интензивно, НЕ",1,2,-,-
8,2202002,"2 Средно училище ""Академик Емилиян Станев """,0951,"Софтуерни и хардуерни науки - АЕ интензивно, ИЕ",1,,-,-
9,2202002,"2 Средно училище ""Академик Емилиян Станев """,0957,"Чужди езици -АЕ интензивно, ИЕ, ГИ и ИЦ",1,,-,-
10,2202002,"2 Средно училище ""Академик Емилиян Станев """,0958,"Чужди езици - АЕ интензивно, ИЕ, БЗО и ХООС",1,2,-,-
11,2202026,"26 Средно училище ""Йордан Йовков""",0965,"Софтуерни и хардуерни науки - АЕ интензивно, РЕ",1,4,-,-
12,2202401,"Професионална гимназия по екология и биотехнологии ""Проф. д-р Асен Златаров""",0851,Екология и опазване на околната среда - АЕ,1,7,-,-
13,2202401,"Професионална гимназия по екология и биотехнологии ""Проф. д-р Асен Златаров""",0874,Технология на фармацевтичните и парфюмерийно-козметични продукти - АЕ,2,14,-,-
14,2202401,"Професионална гимназия по екология и биотехнологии ""Проф. д-р Асен Златаров""",0909,Технологичен и микробиологичен контрол в химични производства - лаборант - АЕ,1,6,-,-
15,2202401,"Професионална гимназия по екология и биотехнологии ""Проф. д-р Асен Златаров""",2591,Осигуряване на продуктова информация - НЕ,1,18,-,-
16,2203074,"74 СУ ""ГОЦЕ ДЕЛЧЕВ""",1771,Софтуерни и хардуерни науки - АЕ интензивно,1,6,-,-
17,2203074,"74 СУ ""ГОЦЕ ДЕЛЧЕВ""",1777,"Природни науки - АЕ интензивно, РЕ",1,5,-,-
18,2203074,"74 СУ ""ГОЦЕ ДЕЛЧЕВ""",4461,"Природни науки - АЕ интензивно, ФЕ",1,19,-,-
19,2203140,"140. СРЕДНО УЧИЛИЩЕ ""ИВАН БОГОРОВ""",1895,Български танци /АЕ/,1,5,-,-
20,2203140,"140. СРЕДНО УЧИЛИЩЕ ""ИВАН БОГОРОВ""",1904,Графичен дизайн /АЕ/,1,2,-,-
21,2203140,"140. СРЕДНО УЧИЛИЩЕ ""ИВАН БОГОРОВ""",3866,Модерен танц,0.5,4,-,-
22,2203140,"140. СРЕДНО УЧИЛИЩЕ ""ИВАН БОГОРОВ""",3867,Графичен дизайн,0.5,1,-,-
23,2203140,"140. СРЕДНО УЧИЛИЩЕ ""ИВАН БОГОРОВ""",4453,Български танци,1,13,-,-
24,2204018,"18 Средно училище ""Уилям Гладстон""",0897,"Природни науки - НЕ интензивно, АЕ",1,2,-,-
25,2204018,"18 Средно училище ""Уилям Гладстон""",0902,"Природни науки - АЕ интензивно, НЕ",1,3,-,-
26,2204018,"18 Средно училище ""Уилям Гладстон""",0905,"Чужди езици - ФЕ интензивно, ИЕ",1,,-,-
27,2204018,"18 Средно училище ""Уилям Гладстон""",1631,"Чужди езици - ЯЕ интензивно, АЕ",1,3,-,-
28,2204018,"18 Средно училище ""Уилям Гладстон""",1637,"Чужди езици - АрЕ интензивно, АЕ",1,6,-,-
29,2204018,"18 Средно училище ""Уилям Гладстон""",1642,"Чужди езици - КитЕ интензивно, АЕ",1,4,-,-
30,2204018,"18 Средно училище ""Уилям Гладстон""",1647,"Чужди езици - КорЕ интензивно, АЕ",1,1,-,-
31,2204018,"18 Средно училище ""Уилям Гладстон""",3931,"Природни науки - ФЕ интензивно, АЕ",1,2,-,-
32,2204030,"30 СРЕДНО УЧИЛИЩЕ ""БРАТЯ МИЛАДИНОВИ""",1307,"Чужди езици - ИЕ интензивно, АЕ",1,,-,-
33,2204030,"30 СРЕДНО УЧИЛИЩЕ ""БРАТЯ МИЛАДИНОВИ""",1308,"Природни науки - ИЕ интензивно, АЕ",1,,-,-
34,2204030,"30 СРЕДНО УЧИЛИЩЕ ""БРАТЯ МИЛАДИНОВИ""",2602,"Икономическо развитие - АЕ интензивно, НЕ",1,3,-,-
35,2204032,"32. СРЕДНО УЧИЛИЩЕ С ИЗУЧАВАНЕ НА ЧУЖДИ ЕЗИЦИ ""СВЕТИ КЛИМЕНТ ОХРИДСКИ""",2771,"Чужди езици - АЕ интензивно, НЕ",1,-,2,1
36,2204032,"32. СРЕДНО УЧИЛИЩЕ С ИЗУЧАВАНЕ НА ЧУЖДИ ЕЗИЦИ ""СВЕТИ КЛИМЕНТ ОХРИДСКИ""",2773,"Чужди езици - АЕ интензивно, ИЕ",1,-,1,-
37,2204032,"32. СРЕДНО УЧИЛИЩЕ С ИЗУЧАВАНЕ НА ЧУЖДИ ЕЗИЦИ ""СВЕТИ КЛИМЕНТ ОХРИДСКИ""",2775,"Чужди езици - АЕ интензивно, ФЕ",1,-,,2
38,2204032,"32. СРЕДНО УЧИЛИЩЕ С ИЗУЧАВАНЕ НА ЧУЖДИ ЕЗИЦИ ""СВЕТИ КЛИМЕНТ ОХРИДСКИ""",2777,"Чужди езици - АЕ интензивно, РЕ",1,-,,
39,2204032,"32. СРЕДНО УЧИЛИЩЕ С ИЗУЧАВАНЕ НА ЧУЖДИ ЕЗИЦИ ""СВЕТИ КЛИМЕНТ ОХРИДСКИ""",3371,"Софтуерни и хардуерни науки - АЕ интензивно, НЕ",1,1,-,-
40,2204032,"32. СРЕДНО УЧИЛИЩЕ С ИЗУЧАВАНЕ НА ЧУЖДИ ЕЗИЦИ ""СВЕТИ КЛИМЕНТ ОХРИДСКИ""",3372,"Природни науки - АЕ интензивно, ИЕ, БЗО и ХООС",1,,-,-
41,2204091,"91.НЕМСКА ЕЗИКОВА ГИМНАЗИЯ Професор Константин Гълъбов""",2644,"Чужди езици - НЕ интензивно, АЕ",7,-,1,4
42,2204134,"134. средно училище ""Димчо Дебелянов""",1952,"Чужди езици - АЕ интензивно, Иврит",1,2,-,-
43,2204134,"134. средно училище ""Димчо Дебелянов""",1961,"Природни науки - АЕ интензивно, Иврит",1,2,-,-
44,2204134,"134. средно училище ""Димчо Дебелянов""",1968,"Софтуерни и хардуерни науки - АЕ интензивно, Иврит",1,2,-,-
45,2204402,"НАЦИОНАЛНА ПРОФЕСИОНАЛНА ГИМНАЗИЯ ПО ПРЕЦИЗНА ТЕХНИКА И ОПТИКА ""М. В. Ломоносов""",0317,Медицинска техника - НЕ,1,1,-,-
46,2204402,"НАЦИОНАЛНА ПРОФЕСИОНАЛНА ГИМНАЗИЯ ПО ПРЕЦИЗНА ТЕХНИКА И ОПТИКА ""М. В. Ломоносов""",0319,Измервателна и организационна техника - АЕ,1,5,-,-
47,2204402,"НАЦИОНАЛНА ПРОФЕСИОНАЛНА ГИМНАЗИЯ ПО ПРЕЦИЗНА ТЕХНИКА И ОПТИКА ""М. В. Ломоносов""",0321,"Кинотехника, аудио- и видеосистеми - АЕ",1,2,-,-
48,2204402,"НАЦИОНАЛНА ПРОФЕСИОНАЛНА ГИМНАЗИЯ ПО ПРЕЦИЗНА ТЕХНИКА И ОПТИКА ""М. В. Ломоносов""",0324,Очна оптика - НЕ,1,1,-,-
49,2204402,"НАЦИОНАЛНА ПРОФЕСИОНАЛНА ГИМНАЗИЯ ПО ПРЕЦИЗНА ТЕХНИКА И ОПТИКА ""М. В. Ломоносов""",0325,Лазерна и оптична техника - АЕ,1,3,-,-
50,2204402,"НАЦИОНАЛНА ПРОФЕСИОНАЛНА ГИМНАЗИЯ ПО ПРЕЦИЗНА ТЕХНИКА И ОПТИКА ""М. В. Ломоносов""",0328,Компютърна техника и технологии - АЕ,1,1,-,-
51,2204402,"НАЦИОНАЛНА ПРОФЕСИОНАЛНА ГИМНАЗИЯ ПО ПРЕЦИЗНА ТЕХНИКА И ОПТИКА ""М. В. Ломоносов""",3955,Програмиране на изкуствен интелект - АЕ,1,3,-,-
52,2204403,ПРОФЕСИОНАЛНА ГИМНАЗИЯ ПО ТЕКСТИЛНИ И КОЖЕНИ ИЗДЕЛИЯ,3251,Моден дизайн - АЕ,1,15,-,-
53,2204403,ПРОФЕСИОНАЛНА ГИМНАЗИЯ ПО ТЕКСТИЛНИ И КОЖЕНИ ИЗДЕЛИЯ,4272,"Конструиране, моделиране и технология на кожено-галантерийни изделия",1,16,-,-
54,2204403,ПРОФЕСИОНАЛНА ГИМНАЗИЯ ПО ТЕКСТИЛНИ И КОЖЕНИ ИЗДЕЛИЯ,4274,Организация и технология на козметичните услуги,1,6,-,-
55,2204405,"ПРОФЕСИОНАЛНА ГИМНАЗИЯ ПО ПОДЕМНА, СТРОИТЕЛНА И ТРАНСПОРТНА ТЕХНИКА",2524,Пътно-строителна техника,1,16,-,-
56,2204405,"ПРОФЕСИОНАЛНА ГИМНАЗИЯ ПО ПОДЕМНА, СТРОИТЕЛНА И ТРАНСПОРТНА ТЕХНИКА",2528,Подемно-транспортна техника монтирана на пътни тр. средства,1,23,-,-
57,2204405,"ПРОФЕСИОНАЛНА ГИМНАЗИЯ ПО ПОДЕМНА, СТРОИТЕЛНА И ТРАНСПОРТНА ТЕХНИКА",3558,Локомотиви и вагони (дуална),1,23,-,-
58,2204405,"ПРОФЕСИОНАЛНА ГИМНАЗИЯ ПО ПОДЕМНА, СТРОИТЕЛНА И ТРАНСПОРТНА ТЕХНИКА",3562,Ръководител движение,1,23,-,-
59,2205105,"105. СРЕДНО УЧИЛИЩЕ ""АТАНАС ДАЛЧЕВ""",2514,"Чужди езици - ИтЕ интензивно, АЕ",1,1,-,-
60,2205105,"105. СРЕДНО УЧИЛИЩЕ ""АТАНАС ДАЛЧЕВ""",2532,"Софтуерни и хардуерни науки - АЕ интензивно, ИтЕ",1,5,-,-
61,2205105,"105. СРЕДНО УЧИЛИЩЕ ""АТАНАС ДАЛЧЕВ""",2543,"Екскурзоводско обслужване - ИтЕ интензивно, АЕ",1,2,-,-
62,2205119,"119 Средно училище ""Академик Михаил Арнаудов""",1522,Хуманитарни науки - АЕ интензивно,1,6,-,-
63,2205119,"119 Средно училище ""Академик Михаил Арнаудов""",1526,Природни науки - АЕ интензивно,1,2,-,-
64,2205119,"119 Средно училище ""Академик Михаил Арнаудов""",1532,Чужди езици - РЕ интензивно,1,4,-,-
65,2205119,"119 Средно училище ""Академик Михаил Арнаудов""",4079,Икономическо развитие - АЕ интензивно,1,1,-,-
66,2205407,"СОФИЙСКА ПРОФЕСИОНАЛНА ГИМНАЗИЯ по ЕЛЕКТРОНИКА ""Джон Атанасов""",2328,"Системно програмиране - АЕ, НЕ",1,1,-,-
67,2205407,"СОФИЙСКА ПРОФЕСИОНАЛНА ГИМНАЗИЯ по ЕЛЕКТРОНИКА ""Джон Атанасов""",2338,"Приложно програмиране - АЕ, НЕ",1,1,-,-
68,2205407,"СОФИЙСКА ПРОФЕСИОНАЛНА ГИМНАЗИЯ по ЕЛЕКТРОНИКА ""Джон Атанасов""",2360,"Компютърни мрежи - АЕ, НЕ",2,3,-,-
69,2205407,"СОФИЙСКА ПРОФЕСИОНАЛНА ГИМНАЗИЯ по ЕЛЕКТРОНИКА ""Джон Атанасов""",2363,"Компютърна техника и технологии - АЕ, НЕ",1,2,-,-
70,2205407,"СОФИЙСКА ПРОФЕСИОНАЛНА ГИМНАЗИЯ по ЕЛЕКТРОНИКА ""Джон Атанасов""",2372,"Промишлена електроника - АЕ, НЕ",1,1,-,-
71,2205407,"СОФИЙСКА ПРОФЕСИОНАЛНА ГИМНАЗИЯ по ЕЛЕКТРОНИКА ""Джон Атанасов""",4140,"Програмиране на роботи - АЕ, НЕ",1,1,-,-
72,2205408,"Софийска професионална гимназия ""Княгиня Евдокия""",2837,Съдебна администрация - АЕ,1,2,-,-
73,2205408,"Софийска професионална гимназия ""Княгиня Евдокия""",2840,Икономическо информационно осигуряване - АЕ,1,3,-,-
74,2205408,"Софийска професионална гимназия ""Княгиня Евдокия""",2842,Извършване на термални процедури - АЕ,1,4,-,-
75,2205408,"Софийска професионална гимназия ""Княгиня Евдокия""",2843,Фризьорство,0.5,,-,-
76,2205408,"Софийска професионална гимназия ""Княгиня Евдокия""",2845,Козметика,0.5,,-,-
77,2205408,"Софийска професионална гимназия ""Княгиня Евдокия""",3381,Промишлен дизайн - АЕ,1,7,-,-
78,2205408,"Софийска професионална гимназия ""Княгиня Евдокия""",3382,Индустриални отношения - АЕ,1,4,-,-
79,2205408,"Софийска професионална гимназия ""Княгиня Евдокия""",4009,Фотография - АЕ,1,3,-,-
80,2205408,"Софийска професионална гимназия ""Княгиня Евдокия""",4290,"Театрален, кино и телевизионен декор - АЕ",0.5,1,-,-
81,2205408,"Софийска професионална гимназия ""Княгиня Евдокия""",4292,"Художествено осветление за театър, кино и телевизия - АЕ",0.5,2,-,-
82,2206003,"3. СУ ""Марин Дринов""",2914,Графичен дизайн - АЕ,1,3,-,-
83,2206003,"3. СУ ""Марин Дринов""",4019,Фотография,1,5,-,-
84,2206113,"113 СУ ""САВА ФИЛАРЕТОВ""",1648,Продавач-консултант /РЕ/,1,8,-,-
85,2206113,"113 СУ ""САВА ФИЛАРЕТОВ""",1676,Продавач-консултант /АЕ/,1,3,-,-
86,2206409,"Професионална гимназия по транспорт и енергетика ""Хенри Форд""",1911,Промишлена електроника (дуална),1,4,-,-
87,2206409,"Професионална гимназия по транспорт и енергетика ""Хенри Форд""",2343,Електрообзавеждане на ел. превозни средства за гр. транспорт (дуална),1,11,-,-
88,2206409,"Професионална гимназия по транспорт и енергетика ""Хенри Форд""",2349,Електрообзавеждане на подемна и асансьорна техника (дуална),1,15,-,-
89,2206409,"Професионална гимназия по транспорт и енергетика ""Хенри Форд""",2352,Газова техника - АЕ,1,17,-,-
90,2206409,"Професионална гимназия по транспорт и енергетика ""Хенри Форд""",2357,Възобновяеми енергийни източници - АЕ,1,5,-,-
91,2206409,"Професионална гимназия по транспорт и енергетика ""Хенри Форд""",2362,Топлотехника - отоплителна климат. вентилационна и хладилна - АЕ (дуална),1,4,-,-
92,2206409,"Професионална гимназия по транспорт и енергетика ""Хенри Форд""",2364,Автотранспортна техника - АЕ,1,2,-,-
93,2206409,"Професионална гимназия по транспорт и енергетика ""Хенри Форд""",2367,Автомобилна мехатроника - АЕ (дуална),1,1,-,-
94,2206409,"Професионална гимназия по транспорт и енергетика ""Хенри Форд""",2376,Автомобилна мехатроника - АЕ,1,2,-,-
95,2206409,"Професионална гимназия по транспорт и енергетика ""Хенри Форд""",2378,Електрически превозни средства - АЕ,1,1,-,-
96,2206409,"Професионална гимназия по транспорт и енергетика ""Хенри Форд""",2380,Подемно - транспортна техника монтирана на пътни транспортни средства,1,21,-,-
97,2206409,"Професионална гимназия по транспорт и енергетика ""Хенри Форд""",2383,Експлоатация на автомобилния транспорт,1,7,-,-
98,2206410,"ПРОФЕСИОНАЛНА ГИМНАЗИЯ ПО АУДИО-, ВИДЕО- И ТЕЛЕКОМУНИКАЦИЯ ""А. С. ПОПОВ""",2752,Компютърни мрежи - АЕ,1,3,-,-
99,2206410,"ПРОФЕСИОНАЛНА ГИМНАЗИЯ ПО АУДИО-, ВИДЕО- И ТЕЛЕКОМУНИКАЦИЯ ""А. С. ПОПОВ""",2756,Телекомуникационни системи - АЕ,1,,-,-
100,2206410,"ПРОФЕСИОНАЛНА ГИМНАЗИЯ ПО АУДИО-, ВИДЕО- И ТЕЛЕКОМУНИКАЦИЯ ""А. С. ПОПОВ""",2760,Приложно програмиране - АЕ интензивно,1,3,-,-
101,2206410,"ПРОФЕСИОНАЛНА ГИМНАЗИЯ ПО АУДИО-, ВИДЕО- И ТЕЛЕКОМУНИКАЦИЯ ""А. С. ПОПОВ""",2763,Компютърна техника и технологии - АЕ,1,,-,-
102,2206410,"ПРОФЕСИОНАЛНА ГИМНАЗИЯ ПО АУДИО-, ВИДЕО- И ТЕЛЕКОМУНИКАЦИЯ ""А. С. ПОПОВ""",2769,Системно програмиране - АЕ интензивно,1,,-,-
103,2206410,"ПРОФЕСИОНАЛНА ГИМНАЗИЯ ПО АУДИО-, ВИДЕО- И ТЕЛЕКОМУНИКАЦИЯ ""А. С. ПОПОВ""",3317,Микропроцесорна техника - АЕ,1,4,-,-
104,2206411,"Професионална гимназия по хранително-вкусови технологии ""Проф. д-р Георги Павлов""",0448,Производство на захар и захарни изделия - АЕ,1,2,-,-
105,2206411,"Професионална гимназия по хранително-вкусови технологии ""Проф. д-р Георги Павлов""",0452,"Производство на месо, месни продукти и риба - АЕ",1,8,-,-
106,2206411,"Професионална гимназия по хранително-вкусови технологии ""Проф. д-р Георги Павлов""",3671,Производство и преработка на мляко и млечни продукти,1,13,-,-
107,2212303,"33. Езикова гимназия ""Света София""",2762,"Предприемачески - АЕ интензивно, НЕ",1,3,-,-
108,2212303,"33. Езикова гимназия ""Света София""",2767,"Чужди езици - АЕ интензивно, ИЕ",1,3,-,-
109,2212303,"33. Езикова гимназия ""Света София""",2774,"Чужди езици - АЕ интензивно, ФЕ или РЕ",1,3,-,-
110,2212303,"33. Езикова гимназия ""Света София""",2778,"Чужди езици - ФЕ интензивно, АЕ",1,4,-,-
111,2212303,"33. Езикова гимназия ""Света София""",2797,"Екскурзоводско обслужване - АЕ интензивно, КитЕ или ГрЕ",1,5,-,-
112,2207068,"68. Средно училище ""Академик Никола Обрешков""",2629,Софтуерни и хардуерни науки - АЕ,1,4,-,-
113,2207068,"68. Средно училище ""Академик Никола Обрешков""",3634,Природни науки - АЕ,1,9,-,-
114,2207068,"68. Средно училище ""Академик Никола Обрешков""",4454,Софтуерни и хардуерни науки - АЕ интензивно,1,5,-,-
115,2207069,"69 Средно училище ""Димитър Маринов""",0887,"Икономическо развитие - АЕ, РЕ",1,5,-,-
116,2207108,"108 Средно училище ""Никола Беловеждов""",1852,"Предприемачески - АЕ интензивно, РЕ",1,2,-,-
117,2207108,"108 Средно училище ""Никола Беловеждов""",3675,"Икономическа информатика - АЕ интензивно, НЕ",1,1,-,-
118,2207412,ПРОФЕСИОНАЛНА ГИМНАЗИЯ ПО ТРАНСПОРТ,1656,"Митническа и данъчна администрация - АЕ, ИЕ",1,14,-,-
119,2207412,ПРОФЕСИОНАЛНА ГИМНАЗИЯ ПО ТРАНСПОРТ,1665,"Спедиция транспортна и складова логистика - АЕ, НЕ",1,11,-,-
120,2207412,ПРОФЕСИОНАЛНА ГИМНАЗИЯ ПО ТРАНСПОРТ,1677,"Автомобилна мехатроника - АЕ, НЕ",1,8,-,-
121,2207412,ПРОФЕСИОНАЛНА ГИМНАЗИЯ ПО ТРАНСПОРТ,1684,Автотранспортна техника - монтьор,1,13,-,-
122,2208017,"17 СУ ""Дамян Груев""",2379,Туристическа анимация - ФЕ,1,21,-,-
123,2208028,"28 Средно училище ""Алеко Константинов""",0372,"Софтуерни и хардуерни науки - АЕ интензивно, ИЕ",1,12,-,-
124,2208028,"28 Средно училище ""Алеко Константинов""",4126,"Електронна търговия - АЕ интензивно, ИЕ",1,15,-,-
125,2208028,"28 Средно училище ""Алеко Константинов""",4127,"Икономическа информатика - АЕ интензивно, ИЕ",1,19,-,-
126,2208123,"123 Средно училищe ""Стефан Стамболов""",0631,Логистика на товари и услуги /АЕ/,1,1,-,-
127,2208123,"123 Средно училищe ""Стефан Стамболов""",4004,Обществени науки,1,5,-,-
128,2208135,"135 средно училище ""Ян Амос Коменски""",2783,Социална работа с деца и семейства в риск - АЕ,1,5,-,-
129,2208413,Софийска гимназия по хлебни и сладкарски технологии,0547,Производство на хляб хлебни и сладкарски изделия - АЕ,1,9,-,-
130,2208413,Софийска гимназия по хлебни и сладкарски технологии,0563,Декорация на сладкарски изделия - АЕ,1,8,-,-
131,2208413,Софийска гимназия по хлебни и сладкарски технологии,0568,Кетъринг - ГрЕ,1,21,-,-
132,2208413,Софийска гимназия по хлебни и сладкарски технологии,4101,Производство на сладкарски изделия - АЕ,1,15,-,-
133,2209019,"19 СРЕДНО УЧИЛИЩЕ ""ЕЛИН ПЕЛИН""",4381,"Предприемачески - НЕ интензивно, НорвЕ",1,1,-,-
134,2209019,"19 СРЕДНО УЧИЛИЩЕ ""ЕЛИН ПЕЛИН""",4383,"Предприемачески - НЕ интензивно, ДатЕ",1,1,-,-
135,2209019,"19 СРЕДНО УЧИЛИЩЕ ""ЕЛИН ПЕЛИН""",4384,"Предприемачески - АЕ интензивно, ШвЕ",1,,-,-
136,2209036,"36 Средно училище ""Максим Горки""",0778,"Чужди езици - ИтЕ интензивно, АЕ",1,6,-,-
137,2209036,"36 Средно училище ""Максим Горки""",0784,"Природни науки - АЕ интензивно, ИтЕ",1,8,-,-
138,2209051,"51 СРЕДНО УЧИЛИЩЕ ""ЕЛИСАВЕТА БАГРЯНА""",2276,"Компютърна графика - АЕ интензивно, НЕ",1,1,-,-
139,2209051,"51 СРЕДНО УЧИЛИЩЕ ""ЕЛИСАВЕТА БАГРЯНА""",2291,"Изобразително изкуство - АЕ интензивно, ИтЕ",1,2,-,-
140,2209051,"51 СРЕДНО УЧИЛИЩЕ ""ЕЛИСАВЕТА БАГРЯНА""",3998,"Компютърна анимация - АЕ интензивно, ИтЕ",1,1,-,-
141,2209132,"132. Средно училище ""Ваня Войнова""",0424,"Спортни-туристически дейности - помощник-инструктор АЕ,РЕ",1,3,-,-
142,2209132,"132. Средно училище ""Ваня Войнова""",4283,Пространствен дизайн,1,2,-,-
143,2209305,"203 Профилирана езикова гимназия ""Свети Методий""",2904,"Чужди езици - АЕ интензивно, НЕ/РЕ",1,7,-,-
144,2209305,"203 Профилирана езикова гимназия ""Свети Методий""",2907,"Чужди езици - АЕ интензивно, ИЕ/РЕ",1,6,-,-
145,2209305,"203 Профилирана езикова гимназия ""Свети Методий""",2909,"Чужди езици - ИЕ интензивно, АЕ/НЕ",1,5,-,-
146,2209305,"203 Профилирана езикова гимназия ""Свети Методий""",2910,"Предприемачески - АЕ интензивно, ИЕ/НЕ",1,4,-,-
147,2209305,"203 Профилирана езикова гимназия ""Свети Методий""",3271,"Природни науки - АЕ интензивно, ИЕ/РЕ",1,5,-,-
148,2210085,"85 Средно училище ""Отец Паисий""",1929,"Търговия на едро и дребно - АЕ, РЕ",1,9,-,-
149,2210117,117. СУ,0975,Софтуерни и хардуерни науки,1,8,-,-
150,2210162,"162 Обединено училище ""Отец Паисий""",2956,Предприемачески,1,6,-,-
151,2211021,"21 СРЕДНО УЧИЛИЩЕ ""ХРИСТО БОТЕВ""",0906,"Предприемачески - АЕ интензивно, ИЕ",1,4,-,-
152,2211021,"21 СРЕДНО УЧИЛИЩЕ ""ХРИСТО БОТЕВ""",3676,"Предприемачески - ИЕ интензивно, АЕ",1,4,-,-
153,2211035,"35. СРЕДНО ЕЗИКОВО УЧИЛИЩЕ ""ДОБРИ ВОЙНИКОВ""",0388,"Чужди езици - НЕ интензивно, РЕ",1,3,-,-
154,2211035,"35. СРЕДНО ЕЗИКОВО УЧИЛИЩЕ ""ДОБРИ ВОЙНИКОВ""",0389,"Чужди езици - интензивно НЕ, РЕ",1,-,1,
155,2211035,"35. СРЕДНО ЕЗИКОВО УЧИЛИЩЕ ""ДОБРИ ВОЙНИКОВ""",0390,"Чужди езици - ФЕ интензивно, РЕ",1,1,-,-
156,2211035,"35. СРЕДНО ЕЗИКОВО УЧИЛИЩЕ ""ДОБРИ ВОЙНИКОВ""",0392,"Чужди езици - интензивно ФЕ, РЕ",1,-,2,
157,2211035,"35. СРЕДНО ЕЗИКОВО УЧИЛИЩЕ ""ДОБРИ ВОЙНИКОВ""",3505,"Природни науки - БЗО ХООС интензивно НЕ, РЕ",1,-,,2
158,2211304,"Национална природо-математическа гимназия ""Академик Любомир Чакалов""",0814,Математически - АЕ М Инф,1,1,-,-
159,2211304,"Национална природо-математическа гимназия ""Академик Любомир Чакалов""",0821,Математически - НЕ М Инф,1,3,-,-
160,2211304,"Национална природо-математическа гимназия ""Академик Любомир Чакалов""",0830,Математически - АЕ ФА М,1,1,-,-
161,2211304,"Национална природо-математическа гимназия ""Академик Любомир Чакалов""",0835,Природни науки - АЕ БЗО ХООС,1,,-,-
162,2211304,"Национална природо-математическа гимназия ""Академик Любомир Чакалов""",0843,Природни науки - АЕ ХООС БЗО,1,,-,-
163,2211304,"Национална природо-математическа гимназия ""Академик Любомир Чакалов""",0847,Икономическо развитие - АЕ,1,1,-,-
164,2211304,"Национална природо-математическа гимназия ""Академик Любомир Чакалов""",4091,Природни науки - НЕ БЗО ХООС,1,1,-,-
165,2211417,"Професионална гимназия по облекло ""Княгиня Мария Луиза""",0462,"Моден дизайн - ИтЕ, АЕ",1,7,-,-
166,2211417,"Професионална гимназия по облекло ""Княгиня Мария Луиза""",0472,"Бутикови облекла - ИтЕ, АЕ",1,7,-,-
167,2211417,"Професионална гимназия по облекло ""Княгиня Мария Луиза""",0476,"Моден дизайн - АЕ, ФЕ",1,4,-,-
168,2211417,"Професионална гимназия по облекло ""Княгиня Мария Луиза""",0491,"Конструиране, моделиране и технология на облекло от текстил - АЕ, ФЕ",1,2,-,-
169,2211417,"Професионална гимназия по облекло ""Княгиня Мария Луиза""",0505,"Сценичен костюм - АЕ, ФЕ",1,2,-,-
170,2211419,"СОФИЙСКА ГИМНАЗИЯ ПО СТРОИТЕЛСТВО, АРХИТЕКТУРА И ГЕОДЕЗИЯ ""ХРИСТО БОТЕВ""",0719,Строителство и архитектура - АЕ,1,1,-,-
171,2211419,"СОФИЙСКА ГИМНАЗИЯ ПО СТРОИТЕЛСТВО, АРХИТЕКТУРА И ГЕОДЕЗИЯ ""ХРИСТО БОТЕВ""",0735,Водно строителство - АЕ,1,1,-,-
172,2211419,"СОФИЙСКА ГИМНАЗИЯ ПО СТРОИТЕЛСТВО, АРХИТЕКТУРА И ГЕОДЕЗИЯ ""ХРИСТО БОТЕВ""",0748,Транспортно строителство - АЕ,1,1,-,-
173,2211419,"СОФИЙСКА ГИМНАЗИЯ ПО СТРОИТЕЛСТВО, АРХИТЕКТУРА И ГЕОДЕЗИЯ ""ХРИСТО БОТЕВ""",0762,Геодезия - АЕ,1,2,-,-
174,2211419,"СОФИЙСКА ГИМНАЗИЯ ПО СТРОИТЕЛСТВО, АРХИТЕКТУРА И ГЕОДЕЗИЯ ""ХРИСТО БОТЕВ""",0772,Парково строителство и озеленяване - АЕ,1,,-,-
175,2211419,"СОФИЙСКА ГИМНАЗИЯ ПО СТРОИТЕЛСТВО, АРХИТЕКТУРА И ГЕОДЕЗИЯ ""ХРИСТО БОТЕВ""",0838,Брокер недвижими имоти - АЕ,1,1,-,-
176,2211419,"СОФИЙСКА ГИМНАЗИЯ ПО СТРОИТЕЛСТВО, АРХИТЕКТУРА И ГЕОДЕЗИЯ ""ХРИСТО БОТЕВ""",0973,Строителство и архитектура - НЕ,1,2,-,-
177,2211420,НАЦИОНАЛНА ФИНАНСОВО-СТОПАНСКА ГИМНАЗИЯ,2749,Икономическа информатика - АЕ,1,1,-,-
178,2211420,НАЦИОНАЛНА ФИНАНСОВО-СТОПАНСКА ГИМНАЗИЯ,2754,Икономика и мениджмънт - АЕ,2,,-,-
179,2211420,НАЦИОНАЛНА ФИНАНСОВО-СТОПАНСКА ГИМНАЗИЯ,2764,Икономика и мениджмънт - НЕ,1,1,-,-
180,2211420,НАЦИОНАЛНА ФИНАНСОВО-СТОПАНСКА ГИМНАЗИЯ,3603,Икономическа информатика - НЕ,1,1,-,-
181,2211420,НАЦИОНАЛНА ФИНАНСОВО-СТОПАНСКА ГИМНАЗИЯ,3604,Икономика и мениджмънт - ИЕ,1,1,-,-
182,2211420,НАЦИОНАЛНА ФИНАНСОВО-СТОПАНСКА ГИМНАЗИЯ,4388,Оперативно счетоводство - АЕ,1,2,-,-
183,2212027,"27. Средно училище ""Акад. Георги Караславов""",2387,Софтуерни и хардуерни науки,1,8,-,-
184,2212037,"37. Средно училище ""Райна Княгиня""",3544,"Малък и среден бизнес - АЕ разширено, РЕ",1,13,-,-
185,2212037,"37. Средно училище ""Райна Княгиня""",4318,"Търговия на едро и дребно - АЕ разширено, ИЕ",1,4,-,-
186,2212037,"37. Средно училище ""Райна Княгиня""",4373,"Търговия на едро и дребно - ИЕ разширено, АЕ",1,16,-,-
187,2212040,"40 Средно училище ""Луи Пастьор""",0508,"Софтуерни и хардуерни науки - АЕ интензивно, РЕ",1,3,-,-
188,2212040,"40 Средно училище ""Луи Пастьор""",3883,"Компютърна графика - АЕ, РЕ",1,3,-,-
189,2212056,"56. Средно училище ""Професор Константин Иречек""",2200,"Икономическо развитие - АЕ интензивно, ИЕ",1,3,-,-
190,2212056,"56. Средно училище ""Професор Константин Иречек""",3639,"Брокер недвижими имоти - АЕ, РЕ",1,10,-,-
191,2212056,"56. Средно училище ""Професор Константин Иречек""",3640,"Електронна търговия - АЕ, НЕ",1,3,-,-
192,2212079,"79 средно училище ""Индира Ганди""",4199,"Софтуерни и хардуерни науки - АЕ интензивно, ИЕ",1,6,-,-
193,2212079,"79 средно училище ""Индира Ганди""",4201,"Софтуерни и хардуерни науки - АЕ разширено, ИЕ",1,2,-,-
194,2212090,"90 Средно училище ""Генерал Хосе де Сан Мартин""",1384,"Предприемачески - ИЕ, АЕ",1,3,-,-
195,2212090,"90 Средно училище ""Генерал Хосе де Сан Мартин""",1390,"Природни науки - АЕ, ИЕ",1,4,-,-
196,2212096,"96 Средно училище ""Лев Николаевич Толстой""",0903,Обществени науки - АЕ интензивно,1,4,-,-
197,2212096,"96 Средно училище ""Лев Николаевич Толстой""",3318,"Софтуерни и хардуерни науки - АЕ интензивно, ИЕ",1,4,-,-
198,2212096,"96 Средно училище ""Лев Николаевич Толстой""",4109,"Софтуерни и хардуерни науки - АЕ интензивно, РЕ",1,,-,-
199,2212096,"96 Средно училище ""Лев Николаевич Толстой""",4449,"Обществени науки - ИЕ интензивно, АЕ/РЕ",1,2,-,-
200,2212097,"97 Средно училище ""Братя Миладинови""",2506,Софтуерни и хардуерни науки - АЕ разширено,1,5,-,-
201,2212097,"97 Средно училище ""Братя Миладинови""",2512,Търговия (дуална) - АЕ разширено,1,5,-,-
202,2212097,"97 Средно училище ""Братя Миладинови""",3037,Търговия (дуална) - НЕ разширено,1,2,-,-
203,2212137,"137 средно училище ""Ангел Кънчев""",1834,"Предприемачески - АЕ интензивно, НЕ",1,,-,-
204,2212137,"137 средно училище ""Ангел Кънчев""",1838,"Хуманитарни науки - АЕ интензивно, НЕ",1,4,-,-
205,2212137,"137 средно училище ""Ангел Кънчев""",1844,"Софтуерни и хардуерни науки - АЕ интензивно, НЕ",1,6,-,-
206,2213010,"10 Средно училище "" Теодор Траянов """,2101,"Обществени науки - АЕ, ИЕ",1,3,-,-
207,2213010,"10 Средно училище "" Теодор Траянов """,3075,"Природни науки - АЕ, ИЕ",1,4,-,-
208,2213039,"39 Средно училище ""Петър Динеков""",1802,"Софтуерни и хардуерни науки - АЕ интензивно, РЕ/ИЕ",1,6,-,-
209,2213039,"39 Средно училище ""Петър Динеков""",4110,"Предприемачески - АЕ интензивно, РЕ/ИЕ",1,1,-,-
210,2213039,"39 Средно училище ""Петър Динеков""",4447,Предприемачески,1,2,-,-
211,2213081,"81. Средно училище ""Виктор Юго""",2566,Чужди езици - АЕ интензивно,1,6,-,-
212,2213081,"81. Средно училище ""Виктор Юго""",2579,Хуманитарни науки,1,5,-,-
213,2213118,"118 Средно училище ""Академик Людмил Стоянов""",2943,"Софтуерни и хардуерни науки - АЕ интензивно, ИЕ",1,1,-,-
214,2213118,"118 Средно училище ""Академик Людмил Стоянов""",4462,"Софтуерни и хардуерни науки - АЕ интензивно, ФЕ",1,2,-,-
215,2213125,"125 СУ ""Боян Пенев"" с изучаване на чужди езици",1546,Хуманитарни науки - АЕ интензивно,1,4,-,-
216,2213125,"125 СУ ""Боян Пенев"" с изучаване на чужди езици",1557,Природни науки - АЕ интензивно,1,3,-,-
217,2213128,"128 СРЕДНО УЧИЛИЩЕ ""АЛБЕРТ АЙНЩАЙН""",1660,Софтуерни и хардуерни науки - АЕ,1,3,-,-
218,2213128,"128 СРЕДНО УЧИЛИЩЕ ""АЛБЕРТ АЙНЩАЙН""",1670,Икономическо информационно осигуряване - АЕ,1,4,-,-
219,2213131,"131. СУ ""Климент Аркадиевич Тимирязев""",2449,Търговия на едро и дребно,1,4,-,-
220,2213131,"131. СУ ""Климент Аркадиевич Тимирязев""",3905,"Бизнес администрация - АЕ, ИЕ",1,6,-,-
221,2213131,"131. СУ ""Климент Аркадиевич Тимирязев""",4460,"Бизнес администрация - ИЕ, АЕ",1,10,-,-
222,2213144,"144 Средно училище ""Народни будители""",1118,Музика - АЕ,1,7,-,-
223,2213144,"144 Средно училище ""Народни будители""",1123,Рекламна графика - АЕ,1,7,-,-
224,2213144,"144 Средно училище ""Народни будители""",1142,Български танци - АЕ,1,,-,-
225,2213144,"144 Средно училище ""Народни будители""",3559,Рекламна графика - ИЕ,1,4,-,-
226,2213350,"Технологично училище ""Електронни системи"" към Технически Университет - София",2127,Системно програмиране - АЕ,3,,-,-
227,2213350,"Технологично училище ""Електронни системи"" към Технически Университет - София",2132,Компютърни мрежи - АЕ,1,5,-,-
228,2214015,"15 Средно училище "" Адам Мицкевич""",2582,Предприемачески - АЕ,1,8,-,-
229,2214015,"15 Средно училище "" Адам Мицкевич""",3015,Митническо и данъчно обслужване,1,2,-,-
230,2214015,"15 Средно училище "" Адам Мицкевич""",4438,Застрахователно и осигурително дело,1,19,-,-
231,2214054,"54. СРЕДНО УЧИЛИЩЕ ""Свети ИВАН РИЛСКИ""",0749,"Чужди езици - АЕ интензивно, ИЕ",1,4,-,-
232,2214054,"54. СРЕДНО УЧИЛИЩЕ ""Свети ИВАН РИЛСКИ""",0758,"Софтуерни и хардуерни науки - АЕ интензивно, РЕ",1,4,-,-
233,2214054,"54. СРЕДНО УЧИЛИЩЕ ""Свети ИВАН РИЛСКИ""",4040,"Чужди езици - АЕ интензивно, НЕ",1,3,-,-
234,2214101,"101. СРЕДНО УЧИЛИЩЕ ""БАЧО КИРО""",2886,"Икономическо развитие - АЕ интензивно, НЕ",1,2,-,-
235,2214101,"101. СРЕДНО УЧИЛИЩЕ ""БАЧО КИРО""",2889,"Софтуерни и хардуерни науки - АЕ интензивно, НЕ",1,3,-,-
236,2215170,"170 Средно училище ""Васил Левски""",2972,Компютърна графика- АЕ,1,3,-,-
237,2215170,"170 Средно училище ""Васил Левски""",3451,Електронна търговия - АЕ,1,3,-,-
238,2215170,"170 Средно училище ""Васил Левски""",3971,Организация на туризма и свободното време - АЕ,1,1,-,-
239,2215172,"172 Обединено училище ""Христо Ботев""",2807,Производство на облекло от текстил,1,10,-,-
240,2216001,"1 Средно училище ""Пенчо П. Славейков""",1831,"Чужди езици - ИЕ интензивно, АЕ",1,,-,-
241,2216001,"1 Средно училище ""Пенчо П. Славейков""",1900,"Природни науки - Биология и здравно образование - ИЕ интензивно, АЕ",1,,-,-
242,2216001,"1 Средно училище ""Пенчо П. Славейков""",1906,"Чужди езици - АЕ интензивно, ИЕ",1,3,-,-
243,2216001,"1 Средно училище ""Пенчо П. Славейков""",1907,"Природни науки - Биология и здравно образование - АЕ интензивно, ИЕ",1,1,-,-
244,2216001,"1 Средно училище ""Пенчо П. Славейков""",4407,"Икономическо развитие - АЕ разширено, ГИ",1,4,-,-
245,2216164,"164. гимназия с преподаване на испански език ""Мигел де Сервантес""",2561,"Чужди езици - ИЕ интензивно, АЕ",1,-,2,-
246,2216164,"164. гимназия с преподаване на испански език ""Мигел де Сервантес""",2562,"Чужди езици - ИЕ интензивно, ФЕ",2,-,2,
247,2216164,"164. гимназия с преподаване на испански език ""Мигел де Сервантес""",2564,"Чужди езици - ИЕ интензивно, ИтЕ",2,-,,
248,2216164,"164. гимназия с преподаване на испански език ""Мигел де Сервантес""",2569,"Чужди езици - ИЕ интензивно, ПортЕ",1,-,1,-
249,2216301,Първа английска езикова гимназия,0649,"Чужди езици - АЕ интензивно, РЕ",1,-,1,1
250,2216301,Първа английска езикова гимназия,0672,"Чужди езици - АЕ интензивно, ИЕ",2,-,4,1
251,2216301,Първа английска езикова гимназия,0727,"Чужди езици - АЕ интензивно, НЕ",2,-,1,3
252,2216301,Първа английска езикова гимназия,0752,"Чужди езици - АЕ интензивно, ФЕ",2,-,,
253,2216301,Първа английска езикова гимназия,3349,"Предприемачески - АЕ интензивно, НЕ",1,-,1,
254,2216306,"Софийска математическа гимназия ""Паисий Хилендарски""",2277,Математически (математика и информатика) - АЕ (РИЧЕ),4,3,-,-
255,2216306,"Софийска математическа гимназия ""Паисий Хилендарски""",3909,Математически (математика и физика) - НЕ (ИИЧЕ),2,4,-,-
256,2216422,"Професионална гимназия по механоелектротехника ""Н.Й.Вапцаров""",2173,Металообработващи машини,1,17,-,-
257,2216422,"Професионална гимназия по механоелектротехника ""Н.Й.Вапцаров""",2177,Електрообзавеждане на производството - електромонтьор,1,7,-,-
258,2216422,"Професионална гимназия по механоелектротехника ""Н.Й.Вапцаров""",2193,Промишлена електроника - АЕ,1,19,-,-
259,2216423,СОФИЙСКА ПРОФЕСИОНАЛНА ГИМНАЗИЯ ПО ТУРИЗЪМ,1277,Кетъринг - РЕ,1,,-,-
260,2216423,СОФИЙСКА ПРОФЕСИОНАЛНА ГИМНАЗИЯ ПО ТУРИЗЪМ,1281,Кетъринг - ИЕ,1,1,-,-
261,2216423,СОФИЙСКА ПРОФЕСИОНАЛНА ГИМНАЗИЯ ПО ТУРИЗЪМ,1283,Производство и обслужване в заведенията за хранене и развлечения - ИтЕ,1,,-,-
262,2216423,СОФИЙСКА ПРОФЕСИОНАЛНА ГИМНАЗИЯ ПО ТУРИЗЪМ,1284,Производство и обслужване в заведенията за хранене и развлечения - НЕ,1,1,-,-
263,2216423,СОФИЙСКА ПРОФЕСИОНАЛНА ГИМНАЗИЯ ПО ТУРИЗЪМ,1285,Организация на хотелиерството - АЕ,1,2,-,-
264,2216423,СОФИЙСКА ПРОФЕСИОНАЛНА ГИМНАЗИЯ ПО ТУРИЗЪМ,1286,Организация на обслужването в хотелиерството - АЕ,1,3,-,-
265,2216423,СОФИЙСКА ПРОФЕСИОНАЛНА ГИМНАЗИЯ ПО ТУРИЗЪМ,1287,Екскурзоводско обслужване - АЕ,1,2,-,-
266,2217066,"66 Средно училище ""Филип Станиславов""",3935,Предприемачески,1,7,-,-
267,2217088,"88. Средно училище ""Димитър Попниколов""",1353,Чужди езици - АЕ интензивно,1,5,-,-
268,2217088,"88. Средно училище ""Димитър Попниколов""",1356,Туристическа анимация - АЕ интензивно,1,2,-,-
269,2217149,"149 Средно училище ,,Иван Хаджийски""",1060,"Софтуерни и хардуерни науки - АЕ интензивно, РЕ",1,6,-,-
270,2217149,"149 Средно училище ,,Иван Хаджийски""",4456,Електронна търговия - АЕ интензивно,1,11,-,-
271,2217151,"НАЦИОНАЛНО СРЕДНО УЧИЛИЩЕ ""СОФИЯ""",2692,"Изобразително изкуство - АЕ, РЕ",1,8,-,-
272,2217151,"НАЦИОНАЛНО СРЕДНО УЧИЛИЩЕ ""СОФИЯ""",4011,"Предприемачески - АЕ, РЕ",1,3,-,-
273,2217151,"НАЦИОНАЛНО СРЕДНО УЧИЛИЩЕ ""СОФИЯ""",4426,"Природни науки - АЕ, РЕ",1,10,-,-
274,2217151,"НАЦИОНАЛНО СРЕДНО УЧИЛИЩЕ ""СОФИЯ""",4452,Изобразително изкуство - АЕ,1,13,-,-
275,2217424,ПРОФЕСИОНАЛНА ГИМНАЗИЯ ПО ЕЛЕКТРОТЕХНИКА И АВТОМАТИКА,2115,Компютърни мрежи - АЕ,1,18,-,-
276,2217424,ПРОФЕСИОНАЛНА ГИМНАЗИЯ ПО ЕЛЕКТРОТЕХНИКА И АВТОМАТИКА,2123,Компютърна техника и технологии - АЕ,1,14,-,-
277,2217424,ПРОФЕСИОНАЛНА ГИМНАЗИЯ ПО ЕЛЕКТРОТЕХНИКА И АВТОМАТИКА,2133,Системно програмиране - АЕ,2,18,-,-
278,2217424,ПРОФЕСИОНАЛНА ГИМНАЗИЯ ПО ЕЛЕКТРОТЕХНИКА И АВТОМАТИКА,2138,Приложно програмиране - АЕ,1,17,-,-
279,2217424,ПРОФЕСИОНАЛНА ГИМНАЗИЯ ПО ЕЛЕКТРОТЕХНИКА И АВТОМАТИКА,2147,Автоматизация на непрекъснати производства - АЕ,1,24,-,-
280,2217424,ПРОФЕСИОНАЛНА ГИМНАЗИЯ ПО ЕЛЕКТРОТЕХНИКА И АВТОМАТИКА,3082,Охранителна техника и системи за сигурност - АЕ,1,23,-,-
281,2217424,ПРОФЕСИОНАЛНА ГИМНАЗИЯ ПО ЕЛЕКТРОТЕХНИКА И АВТОМАТИКА,3864,Програмиране на изкуствен интелект - АЕ,1,8,-,-
282,2217424,ПРОФЕСИОНАЛНА ГИМНАЗИЯ ПО ЕЛЕКТРОТЕХНИКА И АВТОМАТИКА,4327,Електрообзавеждане на производството (дуална),1,24,-,-
283,2217424,ПРОФЕСИОНАЛНА ГИМНАЗИЯ ПО ЕЛЕКТРОТЕХНИКА И АВТОМАТИКА,4328,Електрически машини и апарати (дуална),1,25,-,-
284,2217424,ПРОФЕСИОНАЛНА ГИМНАЗИЯ ПО ЕЛЕКТРОТЕХНИКА И АВТОМАТИКА,4333,Програмиране на роботи - АЕ,1,19,-,-
285,2217426,"ПРОФЕСИОНАЛНА ГИМНАЗИЯ ПО СЕЛСКО СТОПАНСТВО ""БУЗЕМА""",2901,Трайни насаждения,1,18,-,-
286,2217426,"ПРОФЕСИОНАЛНА ГИМНАЗИЯ ПО СЕЛСКО СТОПАНСТВО ""БУЗЕМА""",2903,Цветарство,1,22,-,-
287,2218071,"71 Средно училище ""Пейо Яворов""",1725,Икономическо развитие,1,23,-,-
288,2218071,"71 Средно училище ""Пейо Яворов""",4445,Предприемачески,1,12,-,-
289,2218192,"192. СРЕДНО УЧИЛИЩЕ ""ХРИСТО БОТЕВ""",2952,Туристическа анимация,1,16,-,-
290,2219024,"24 Средно училище ""П.К.Яворов""",2439,Предприемачески,1,-,-,-
291,2219044,"44. Средно училище ""Неофит Бозвели""",1536,"Софтуерни и хардуерни науки - АЕ интензивно, ИЕ",1,1,-,-
292,2219044,"44. Средно училище ""Неофит Бозвели""",1538,"Софтуерни и хардуерни науки - НЕ интензивно, АЕ",1,1,-,-
293,2219095,"95 СУ ""Проф. Иван Шишманов""",2354,Чужди езици - АЕ интензивно; РЕ,1,4,-,-
294,2219095,"95 СУ ""Проф. Иван Шишманов""",2359,Чужди езици - РЕ интензивно; АЕ,1,10,-,-
295,2219095,"95 СУ ""Проф. Иван Шишманов""",2459,Природни науки - АЕ разширено; РЕ,1,12,-,-
296,2219095,"95 СУ ""Проф. Иван Шишманов""",3354,Предприемачески - АЕ интензивно; РЕ,1,3,-,-
297,2219130,"130. средно училище ""Стефан Караджа""",3506,"Икономическо развитие - АЕ, НЕ",1,8,-,-
298,2219130,"130. средно училище ""Стефан Караджа""",2236,Продавач-консултант,0.5,11,-,-
299,2219130,"130. средно училище ""Стефан Караджа""",4316,Продавач-консултант (дуална),0.5,13,-,-
300,2204311,"Профилирана гимназия с интензивно изучаване на румънски език ""МИХАЙ ЕМИНЕСКУ""",2934,"Чужди езици - РумЕ интензивно, АЕ",1,10,-,-
301,2204311,"Профилирана гимназия с интензивно изучаване на румънски език ""МИХАЙ ЕМИНЕСКУ""",2935,"Чужди езици - ИЕ интензивно, РумЕ",1,3,-,-
302,2204311,"Профилирана гимназия с интензивно изучаване на румънски език ""МИХАЙ ЕМИНЕСКУ""",4299,"Чужди езици - ИтЕ интензивно, РумЕ",1,10,-,-
303,2220014,"14. средно училище ""Проф. д-р Асен Златаров""",1312,"Обществени науки - АЕ, РЕ",1,10,-,-
304,2220014,"14. средно училище ""Проф. д-р Асен Златаров""",4455,"Обществени науки - НЕ,АЕ",1,12,-,-
305,2220029,"29. Средно училище ""Кузман Шапкарев""",2408,Софтуерни и хардуерни науки - АЕ интензивно,1,3,-,-
306,2220029,"29. Средно училище ""Кузман Шапкарев""",3515,Софтуерни и хардуерни науки /АЕ/,1,9,-,-
307,2220029,"29. Средно училище ""Кузман Шапкарев""",4405,Софтуерни и хардуерни науки - ИЕ разширено,1,5,-,-
308,2220029,"29. Средно училище ""Кузман Шапкарев""",4459,Софтуерни и хардуерни науки /ИЕ/,1,3,-,-
309,2220059,"59 ОБЕДИНЕНО УЧИЛИЩЕ ""ВАСИЛ ЛЕВСКИ""",1530,Готвач,1,2,-,-
310,2220308,"Профилирана гимназия за изобразителни изкуства ""Професор Николай Райнов""",1572,Компютърна графика,1,4,-,-
311,2221023,"23 Средно училище ""Фредерик Жолио-Кюри""",0916,"Чужди езици - ИтЕ интензивно, АЕ",1,4,-,-
312,2221023,"23 Средно училище ""Фредерик Жолио-Кюри""",0930,"Предприемачески - АЕ, ИтЕ",1,8,-,-
313,2221023,"23 Средно училище ""Фредерик Жолио-Кюри""",0939,"Икономическо развитие - АЕ, ИтЕ",1,9,-,-
314,2221031,"31 Средно училище за чужди езици и математика ""Иван Вазов""",2755,"Чужди езици - АЕ интензивно, ИЕ",1,2,-,-
315,2221031,"31 Средно училище за чужди езици и математика ""Иван Вазов""",2759,"Чужди езици - НЕ интензивно, АЕ",1,,-,-
316,2221031,"31 Средно училище за чужди езици и математика ""Иван Вазов""",2766,"Чужди езици - ИЕ интензивно, АЕ",1,1,-,-
317,2221031,"31 Средно училище за чужди езици и математика ""Иван Вазов""",3018,"Математически - АЕ интензивно, НЕ",2,5,-,-
318,2221093,"93-то Средно училище ""Александър Теодоров - Балан""",2876,"Обществени науки - РЕ интензивно, АЕ",2,5,-,-
319,2221093,"93-то Средно училище ""Александър Теодоров - Балан""",2878,"Обществени науки - АЕ интензивно, РЕ",1,2,-,-
320,2221093,"93-то Средно училище ""Александър Теодоров - Балан""",4038,"Софтуерни и хардуерни науки - АЕ интензивно, РЕ",1,2,-,-
321,2221094,"94 СРЕДНО УЧИЛИЩЕ ""Димитър Страшимиров""",2525,Предприемачески,1,6,-,-
322,2221094,"94 СРЕДНО УЧИЛИЩЕ ""Димитър Страшимиров""",2535,Производство на облекло от текстил,1,6,-,-
323,2221094,"94 СРЕДНО УЧИЛИЩЕ ""Димитър Страшимиров""",2539,Логистика на товари и услуги - куриер,1,2,-,-
324,2221138,"138. СРЕДНО УЧИЛИЩЕ ЗА ЗАПАДНИ И ИЗТОЧНИ ЕЗИЦИ ""ПРОФ. ВАСИЛ ЗЛАТАРСКИ""",1354,"Математически - АЕ интензивно, ИЕ",1,,-,-
325,2221138,"138. СРЕДНО УЧИЛИЩЕ ЗА ЗАПАДНИ И ИЗТОЧНИ ЕЗИЦИ ""ПРОФ. ВАСИЛ ЗЛАТАРСКИ""",2451,"Чужди езици - КитЕ интензивно, АЕ",1,3,-,-
326,2221138,"138. СРЕДНО УЧИЛИЩЕ ЗА ЗАПАДНИ И ИЗТОЧНИ ЕЗИЦИ ""ПРОФ. ВАСИЛ ЗЛАТАРСКИ""",2456,"Чужди езици - ЯЕ интензивно, АЕ",1,3,-,-
327,2221138,"138. СРЕДНО УЧИЛИЩЕ ЗА ЗАПАДНИ И ИЗТОЧНИ ЕЗИЦИ ""ПРОФ. ВАСИЛ ЗЛАТАРСКИ""",2466,"Софтуерни и хардуени науки - АЕ интензивно, КорЕ",1,,-,-
328,2221157,"157 Гимназия с изучаване на чужд език ""Сесар Вайехо""",1023,"Чужди езици - ИЕ интензивно, АЕ",5,17,-,-
329,2221430,"ПРОФЕСИОНАЛНА ГИМНАЗИЯ ПО ТРАНСПОРТ ""МАКГАХАН""",2165,Автомобилна мехатроника - АЕ,1,3,-,-
330,2221430,"ПРОФЕСИОНАЛНА ГИМНАЗИЯ ПО ТРАНСПОРТ ""МАКГАХАН""",2178,Ремонт на летателни апарати - АЕ,1,2,-,-
331,2221430,"ПРОФЕСИОНАЛНА ГИМНАЗИЯ ПО ТРАНСПОРТ ""МАКГАХАН""",2187,Спедиция транспортна и складова логистика - АЕ (дневна),0.5,6,-,-
332,2221430,"ПРОФЕСИОНАЛНА ГИМНАЗИЯ ПО ТРАНСПОРТ ""МАКГАХАН""",2212,Спедиция транспортна и складова логистика - АЕ (дуална),0.5,7,-,-
333,2221430,"ПРОФЕСИОНАЛНА ГИМНАЗИЯ ПО ТРАНСПОРТ ""МАКГАХАН""",3500,Автотранспортна техника - техник АЕ,1,18,-,-
334,2221430,"ПРОФЕСИОНАЛНА ГИМНАЗИЯ ПО ТРАНСПОРТ ""МАКГАХАН""",3934,Електрически превозни средства - техник АЕ,1,18,-,-
335,2222007,"7. СРЕДНО УЧИЛИЩЕ ""СВ. СЕДМОЧИСЛЕНИЦИ""",0359,"Чужди езици - АЕ интензивно, ИЕ",2,6,-,-
336,2222007,"7. СРЕДНО УЧИЛИЩЕ ""СВ. СЕДМОЧИСЛЕНИЦИ""",0360,"Чужди езици - АЕ интензивно, НЕ",1,1,-,-
337,2222007,"7. СРЕДНО УЧИЛИЩЕ ""СВ. СЕДМОЧИСЛЕНИЦИ""",0361,"Софтуерни и хардуерни науки - АЕ интензивно, НЕ",1,2,-,-
338,2222007,"7. СРЕДНО УЧИЛИЩЕ ""СВ. СЕДМОЧИСЛЕНИЦИ""",0363,"Чужди езици - АЕ интензивно, ФЕ",1,3,-,-
339,2222007,"7. СРЕДНО УЧИЛИЩЕ ""СВ. СЕДМОЧИСЛЕНИЦИ""",4450,"Природни науки - АЕ интензивно, НЕ",1,1,-,-
340,2222009,"9 Френска езикова гимназия ""Алфонс дьо Ламартин""",2158,"Чужди езици - ФЕ интензивно, АЕ",3,-,4,-
341,2222009,"9 Френска езикова гимназия ""Алфонс дьо Ламартин""",2163,"Чужди езици - ФЕ интензивно, ИЕ",3,-,2,
342,2222009,"9 Френска езикова гимназия ""Алфонс дьо Ламартин""",2168,"Чужди езици - ФЕ интензивно, НЕ",1,-,,
343,2222009,"9 Френска езикова гимназия ""Алфонс дьо Ламартин""",4338,"Чужди езици - ФЕ интензивно, Латински език",1,-,2,
344,2222012,"12 Средно училище "" Цар Иван Асен II""",2159,"Природни науки - АЕ интензивно, НЕ",1,1,-,-
345,2222012,"12 Средно училище "" Цар Иван Асен II""",2209,"Чужди езици - НЕ интензивно, АЕ/РЕ",1,3,-,-
346,2222012,"12 Средно училище "" Цар Иван Асен II""",2215,"Предприемачески - ФЕ интензивно, АЕ",1,4,-,-
347,2222012,"12 Средно училище "" Цар Иван Асен II""",4446,"Предприемачески - АЕ интензивно, НЕ",1,2,-,-
348,2222127,"127 СРЕДНО УЧИЛИЩЕ ""Иван Николаевич Денкоглу""",1358,"Хумантарни науки - АЕ интензивно, ИЕ",1,,-,-
349,2222127,"127 СРЕДНО УЧИЛИЩЕ ""Иван Николаевич Денкоглу""",1362,"Хуманитарни науки - ИЕ интензивно, АЕ",1,1,-,-
350,2222127,"127 СРЕДНО УЧИЛИЩЕ ""Иван Николаевич Денкоглу""",1364,"Природни науки - АЕ интензивно, ИЕ",1,1,-,-
351,2222127,"127 СРЕДНО УЧИЛИЩЕ ""Иван Николаевич Денкоглу""",1365,"Природни науки - ИЕ интензивно, АЕ",1,1,-,-
352,2222127,"127 СРЕДНО УЧИЛИЩЕ ""Иван Николаевич Денкоглу""",1366,"Предприемачески - АЕ интензивно, ИЕ",1,4,-,-
353,2222127,"127 СРЕДНО УЧИЛИЩЕ ""Иван Николаевич Денкоглу""",3148,"Предприемачески - ИЕ интензивно, АЕ",1,,-,-
354,2222127,"127 СРЕДНО УЧИЛИЩЕ ""Иван Николаевич Денкоглу""",4401,"Софтуерни и хардуерни науки - ИЕ интензивно, АЕ",1,3,-,-
355,2222127,"127 СРЕДНО УЧИЛИЩЕ ""Иван Николаевич Денкоглу""",4402,"Математически - ИЕ интензивно, АЕ",1,,-,-
356,2222133,133 Средно училище „Александър Сергеевич Пушкин”,2269,"Чужди езици - АЕ интензивно, РЕ",1,-,2,
357,2222133,133 Средно училище „Александър Сергеевич Пушкин”,2270,"Чужди езици - ФЕ интензивно, РЕ",1,-,1,1
358,2222133,133 Средно училище „Александър Сергеевич Пушкин”,2272,"Чужди езици - РЕ интензивно, АЕ",2,-,1,4
359,2223008,"8. Средно училище ""Васил Левски""",4284,"Предприемачески - АЕ интензивно, РЕ",1,6,-,-
360,2223055,"55 СРЕДНО УЧИЛИЩЕ ""ПЕТКО КАРАВЕЛОВ""",2144,"Софтуерни и хардуерни науки - АЕ интензивно, НЕ",1,3,-,-
361,2223055,"55 СРЕДНО УЧИЛИЩЕ ""ПЕТКО КАРАВЕЛОВ""",4102,"Софтуерни и хардуерни науки - АЕ интензивно, РЕ",1,2,-,-
362,2223431,ПРОФЕСИОНАЛНА ГИМНАЗИЯ ПО ТЕЛЕКОМУНИКАЦИИ,0707,Оптически комуникационни системи - АЕ,1,3,-,-
363,2223431,ПРОФЕСИОНАЛНА ГИМНАЗИЯ ПО ТЕЛЕКОМУНИКАЦИИ,0722,Компютърни мрежи - АЕ,1,1,-,-
364,2223431,ПРОФЕСИОНАЛНА ГИМНАЗИЯ ПО ТЕЛЕКОМУНИКАЦИИ,0730,Компютърна техника и технологии - АЕ,1,,-,-
365,2223431,ПРОФЕСИОНАЛНА ГИМНАЗИЯ ПО ТЕЛЕКОМУНИКАЦИИ,0738,Системно програмиране - АЕ,1,,-,-
366,2223431,ПРОФЕСИОНАЛНА ГИМНАЗИЯ ПО ТЕЛЕКОМУНИКАЦИИ,0743,Приложно програмиране - АЕ,1,1,-,-
367,2223431,ПРОФЕСИОНАЛНА ГИМНАЗИЯ ПО ТЕЛЕКОМУНИКАЦИИ,0746,Икономическа информатика - АЕ,1,4,-,-
368,2223431,ПРОФЕСИОНАЛНА ГИМНАЗИЯ ПО ТЕЛЕКОМУНИКАЦИИ,3215,Телекомуникационни системи-АЕ,1,4,-,-
369,2206302,"Втора английска езикова гимназия ""Томас Джеферсън""",2018,"Чужди езици - АЕ интензивно, НЕ ,М, ФА",1,-,,1
370,2206302,"Втора английска езикова гимназия ""Томас Джеферсън""",2020,"Чужди езици - АЕ интензивно, НЕ, БЕЛ, ИЦ",1,-,,
371,2206302,"Втора английска езикова гимназия ""Томас Джеферсън""",2022,"Чужди езици - АЕ интензивно, НЕ, БЗО, ХООС",1,-,2,
372,2206302,"Втора английска езикова гимназия ""Томас Джеферсън""",2025,"Чужди езици АЕ интензивно, ИЕ, М, ГИ",1,-,2,
373,2206302,"Втора английска езикова гимназия ""Томас Джеферсън""",2028,"Чужди езици - АЕ интензивно, ИЕ, ИЦ, БЕЛ",1,-,1,-
374,2206302,"Втора английска езикова гимназия ""Томас Джеферсън""",2030,"Чужди езици - АЕ интензивно, ИЕ, БЕЛ, ИТ",1,-,,
375,2206302,"Втора английска езикова гимназия ""Томас Джеферсън""",2034,"Чужди езици - АЕ интензивно, РЕ, М, ИТ",1,-,,1
376,2224022,"22 Средно езиково училище ""Георги Стойков Раковски""",2565,"Чужди езици - АЕ интензивно, ИЕ",2,2,-,-
377,2224022,"22 Средно езиково училище ""Георги Стойков Раковски""",2577,"Чужди езици - ИЕ интензивно, АЕ",2,3,-,-
378,2224022,"22 Средно езиково училище ""Георги Стойков Раковски""",3017,"Чужди езици - АЕ интензивно, НЕ",1,2,-,-
379,2224022,"22 Средно езиково училище ""Георги Стойков Раковски""",3635,"Природни науки ИЕ - интензивно, АЕ, БЗО, ХООС",1,,-,-
380,2224047,"47 Средно училище ""Христо Груев Данов""",0515,"Предприемачески - АЕ интензивно, НЕ",1,10,-,-
381,2224047,"47 Средно училище ""Христо Груев Данов""",3873,"Предприемачески - АЕ разширено, РЕ",1,7,-,-
382,2224047,"47 Средно училище ""Христо Груев Данов""",4439,"Предприемачески - АЕ разш., РЕ",1,4,-,-
383,2224047,"47 Средно училище ""Христо Груев Данов""",4457,"Предприемачески - АЕ разширено, НЕ",1,4,-,-
384,2224073,"73.СУ с преподаване на чужди езици ""Владислав Граматик""",2651,"Чужди езици - НЕ интензивно, РЕ",2,-,,
385,2224073,"73.СУ с преподаване на чужди езици ""Владислав Граматик""",2656,"Чужди езици - НЕ интензивно, ФЕ",1,-,,
386,2224073,"73.СУ с преподаване на чужди езици ""Владислав Граматик""",2658,"Чужди езици - НЕ интензивно, АЕ",1,-,,
387,2224121,"121 СРЕДНО УЧИЛИЩЕ ""ГЕОРГИ ИЗМИРЛИЕВ""",2637,Софтуерни и хардуерни науки - АЕ,1,6,-,-
388,2224121,"121 СРЕДНО УЧИЛИЩЕ ""ГЕОРГИ ИЗМИРЛИЕВ""",2642,Предприемачески - АЕ,1,3,-,-
389,2224121,"121 СРЕДНО УЧИЛИЩЕ ""ГЕОРГИ ИЗМИРЛИЕВ""",2647,Предприемачески - ИЕ,1,4,-,-
390,2224121,"121 СРЕДНО УЧИЛИЩЕ ""ГЕОРГИ ИЗМИРЛИЕВ""",4448,Обществени науки - АЕ,1,4,-,-
391,2224432,"Професионална гимназия по дизайн ""Елисавета Вазова""",1290,Интериорен дизайн- НЕ,0.5,1,-,-
392,2224432,"Професионална гимназия по дизайн ""Елисавета Вазова""",1292,Интериорен дизайн - ИтЕ,1,1,-,-
393,2224432,"Професионална гимназия по дизайн ""Елисавета Вазова""",1294,Графичен дизайн - АЕ,1,4,-,-
394,2224432,"Професионална гимназия по дизайн ""Елисавета Вазова""",1296,Рекламна графика - АЕ,1,5,-,-
395,2224432,"Професионална гимназия по дизайн ""Елисавета Вазова""",3856,Интериорен дизайн - ФЕ,0.5,1,-,-
396,2224433,НАЦИОНАЛНА ТЪРГОВСКО - БАНКОВА ГИМНАЗИЯ,0751,"Банково дело - АЕ интензивно, ФЕ",1,-,1,
397,2224433,НАЦИОНАЛНА ТЪРГОВСКО - БАНКОВА ГИМНАЗИЯ,0775,"Застрахователно и осигурително дело - AE интензивно, ФЕ",1,-,,
398,2224433,НАЦИОНАЛНА ТЪРГОВСКО - БАНКОВА ГИМНАЗИЯ,0777,"Оперативно счетоводство - РЕ интензивно, АЕ",1,-,,1
399,2224433,НАЦИОНАЛНА ТЪРГОВСКО - БАНКОВА ГИМНАЗИЯ,0779,"Бизнес администрация - ИЕ интензивно, АЕ",1,-,3,
400,2224433,НАЦИОНАЛНА ТЪРГОВСКО - БАНКОВА ГИМНАЗИЯ,0788,"Електронна търговия - АЕ интензивно, ФЕ",2,-,2,1
401,2224433,НАЦИОНАЛНА ТЪРГОВСКО - БАНКОВА ГИМНАЗИЯ,0802,"Икономическа информатика - АЕ интензивно, ФЕ",1,-,1,
402,2224433,НАЦИОНАЛНА ТЪРГОВСКО - БАНКОВА ГИМНАЗИЯ,0933,"Банково дело - ФЕ интензивно, АЕ",1,-,,1
403,2224433,НАЦИОНАЛНА ТЪРГОВСКО - БАНКОВА ГИМНАЗИЯ,0937,"Банково дело - НЕ интензивно, АЕ",1,-,1,1
404,2224433,НАЦИОНАЛНА ТЪРГОВСКО - БАНКОВА ГИМНАЗИЯ,0941,"Електронна търговия - РЕ интензивно, АЕ",1,-,,2
