"СВОБОДНИ МЕСТА СЛЕД ЧЕТВЪРТИ ЕТАП НА КЛАСИРАНЕ ПО ПАРАЛЕЛКИ С КОДОВЕ ПО УЧИЛИЩА, 
ПРИЕМ В VIII КЛАС ЗА УЧЕБНАТА 2024/ 2025 ГОДИНА ",,,,,,,,,
"Забележка: 
- Паралелките на сив фон са без свободни места към 12.08.2024 г.",,,,,,,,,
,,,,,,,,,
№,Училище,,Паралелка,,брой паралелки,Свободни места,,,
,Код,Име,Код,Име,,Общо,Мъже,Жени,
,,,,,,,,,
1,2201078,"78. Средно училище ""Христо Смирненски""",0463,Извършване на термални процедури - АЕ,1,13,-,-,
2,2201078,"78. Средно училище ""Христо Смирненски""",0468,"Софтуерни и хардуерни науки - АЕ интензивно, РЕ",1,3,-,-,
3,2201078,"78. Средно училище ""Христо Смирненски""",4798,"Софтуерни и хардуерни науки - АЕ интензивно, НЕ",1,-,-,-,
4,2201400,"Професионална гимназия по туризъм ""Алеко Константинов""",0344,Организация на хотелиерството - АЕ,1,2,-,-,
5,2201400,"Професионална гимназия по туризъм ""Алеко Константинов""",0355,Производство и обслужване в заведенията за хранене и развлечения - АЕ,1,6,-,-,
6,2201400,"Професионална гимназия по туризъм ""Алеко Константинов""",0362,Производство на кулинарни изделия и напитки - готвач,1,-,-,-,
7,2202002,"2 Средно училище ""Академик Емилиян Станев """,0957,"Чужди езици -АЕ интензивно, ИЕ, ГИ и ИЦ",1,-,-,-,
8,2202002,"2 Средно училище ""Академик Емилиян Станев """,0958,"Чужди езици - АЕ интензивно, ИЕ, БЗО и ХООС",1,-,-,-,
9,2202002,"2 Средно училище ""Академик Емилиян Станев """,4565,"Програмиране на изкуствен интелект - английски интензивно, втори чужд език немски",1,-,-,-,
10,2202002,"2 Средно училище ""Академик Емилиян Станев """,4702,"Програмиране на изкуствен интелект - английски интензивно, втори чужд език испански",1,1,-,-,
11,2202026,"26 Средно училище ""Йордан Йовков""",0965,"Софтуерни и хардуерни науки - АЕ интензивно, РЕ",1,-,-,-,
12,2202401,"Професионална гимназия по екология и биотехнологии ""Проф. д-р Асен Златаров""",0851,Екология и опазване на околната среда - АЕ,1,-,-,-,
13,2202401,"Професионална гимназия по екология и биотехнологии ""Проф. д-р Асен Златаров""",0874,Технология на фармацевтичните и парфюмерийно-козметични продукти - АЕ,2,14,-,-,
14,2202401,"Професионална гимназия по екология и биотехнологии ""Проф. д-р Асен Златаров""",0909,Технологичен и микробиологичен контрол в химични производства - лаборант - АЕ,1,1,-,-,
15,2202401,"Професионална гимназия по екология и биотехнологии ""Проф. д-р Асен Златаров""",2591,Осигуряване на продуктова информация - НЕ,1,23,-,-,
16,2203074,"74 СУ ""ГОЦЕ ДЕЛЧЕВ""",1771,Софтуерни и хардуерни науки - АЕ интензивно,1,-,-,-,
17,2203074,"74 СУ ""ГОЦЕ ДЕЛЧЕВ""",1777,Природни науки - АЕ интензивно,1,3,-,-,
18,2203140,"140. СРЕДНО УЧИЛИЩЕ ""ИВАН БОГОРОВ""",1895,Български танци,1.5,-,-,-,
19,2203140,"140. СРЕДНО УЧИЛИЩЕ ""ИВАН БОГОРОВ""",1904,Графичен дизайн,1.5,2,-,-,
20,2204018,"18 Средно училище ""Уилям Гладстон""",0897,"Природни науки - НЕ интензивно, АЕ",1,2,-,-,
21,2204018,"18 Средно училище ""Уилям Гладстон""",0902,"Природни науки - АЕ интензивно, НЕ",1,1,-,-,
22,2204018,"18 Средно училище ""Уилям Гладстон""",0905,"Чужди езици - ФЕ интензивно, ИЕ",1,1,-,-,
23,2204018,"18 Средно училище ""Уилям Гладстон""",1631,"Чужди езици - ЯЕ интензивно, АЕ",1,1,-,-,
24,2204018,"18 Средно училище ""Уилям Гладстон""",1637,"Чужди езици - АрЕ интензивно, АЕ",1,-,-,-,
25,2204018,"18 Средно училище ""Уилям Гладстон""",1642,"Чужди езици - КитЕ интензивно, АЕ",1,-,-,-,
26,2204018,"18 Средно училище ""Уилям Гладстон""",1647,"Чужди езици - КорЕ интензивно, АЕ",1,-,-,-,
27,2204018,"18 Средно училище ""Уилям Гладстон""",3931,"Природни науки - ФЕ интензивно, АЕ",1,-,-,-,
28,2204030,"30 СРЕДНО УЧИЛИЩЕ ""БРАТЯ МИЛАДИНОВИ""",1307,"Чужди езици - ИЕ интензивно, АЕ",1,-,-,-,
29,2204030,"30 СРЕДНО УЧИЛИЩЕ ""БРАТЯ МИЛАДИНОВИ""",1308,"Природни науки - ИЕ интензивно, АЕ",1,-,-,-,
30,2204030,"30 СРЕДНО УЧИЛИЩЕ ""БРАТЯ МИЛАДИНОВИ""",2602,"Природни науки - АЕ интензивно, ИЕ",1,-,-,-,
31,2204032,"32. СРЕДНО УЧИЛИЩЕ С ИЗУЧАВАНЕ НА ЧУЖДИ ЕЗИЦИ ""СВЕТИ КЛИМЕНТ ОХРИДСКИ""",2771,"Чужди езици - АЕ интензивно, НЕ",1,2,-,-,
32,2204032,"32. СРЕДНО УЧИЛИЩЕ С ИЗУЧАВАНЕ НА ЧУЖДИ ЕЗИЦИ ""СВЕТИ КЛИМЕНТ ОХРИДСКИ""",2773,"Чужди езици - АЕ интензивно, ИЕ",1,-,-,-,
33,2204032,"32. СРЕДНО УЧИЛИЩЕ С ИЗУЧАВАНЕ НА ЧУЖДИ ЕЗИЦИ ""СВЕТИ КЛИМЕНТ ОХРИДСКИ""",2775,"Чужди езици - АЕ интензивно, ФЕ",1,-,-,-,
34,2204032,"32. СРЕДНО УЧИЛИЩЕ С ИЗУЧАВАНЕ НА ЧУЖДИ ЕЗИЦИ ""СВЕТИ КЛИМЕНТ ОХРИДСКИ""",2777,"Чужди езици - АЕ интензивно, РЕ",1,-,-,-,
35,2204032,"32. СРЕДНО УЧИЛИЩЕ С ИЗУЧАВАНЕ НА ЧУЖДИ ЕЗИЦИ ""СВЕТИ КЛИМЕНТ ОХРИДСКИ""",3371,"Софтуерни и хардуерни науки - АЕ интензивно, НЕ",1,2,-,-,
36,2204032,"32. СРЕДНО УЧИЛИЩЕ С ИЗУЧАВАНЕ НА ЧУЖДИ ЕЗИЦИ ""СВЕТИ КЛИМЕНТ ОХРИДСКИ""",3372,"Природни науки - АЕ интензивно, ИЕ, БЗО и ХООС",1,1,-,-,
37,2204091,"91.НЕМСКА ЕЗИКОВА ГИМНАЗИЯ Професор Константин Гълъбов""",2644,"Чужди езици - НЕ интензивно, АЕ",7,-,-,-,
38,2204134,"134. средно училище ""Димчо Дебелянов""",1952,"Чужди езици - АЕ интензивно, Иврит",1,-,-,-,
39,2204134,"134. средно училище ""Димчо Дебелянов""",1961,"Природни науки - АЕ интензивно, Иврит",1,-,-,-,
40,2204134,"134. средно училище ""Димчо Дебелянов""",1968,"Софтуерни и хардуерни науки - АЕ интензивно, Иврит",1,-,-,-,
41,2204402,"НАЦИОНАЛНА ПРОФЕСИОНАЛНА ГИМНАЗИЯ ПО ПРЕЦИЗНА ТЕХНИКА И ОПТИКА ""М. В. Ломоносов""",0317,Медицинска техника - НЕ,1,-,-,-,
42,2204402,"НАЦИОНАЛНА ПРОФЕСИОНАЛНА ГИМНАЗИЯ ПО ПРЕЦИЗНА ТЕХНИКА И ОПТИКА ""М. В. Ломоносов""",0319,Измервателна и организационна техника - АЕ,1,-,-,-,
43,2204402,"НАЦИОНАЛНА ПРОФЕСИОНАЛНА ГИМНАЗИЯ ПО ПРЕЦИЗНА ТЕХНИКА И ОПТИКА ""М. В. Ломоносов""",0321,"Кинотехника, аудио- и видеосистеми - АЕ",1,-,-,-,
44,2204402,"НАЦИОНАЛНА ПРОФЕСИОНАЛНА ГИМНАЗИЯ ПО ПРЕЦИЗНА ТЕХНИКА И ОПТИКА ""М. В. Ломоносов""",0324,Очна оптика - НЕ,1,-,-,-,
45,2204402,"НАЦИОНАЛНА ПРОФЕСИОНАЛНА ГИМНАЗИЯ ПО ПРЕЦИЗНА ТЕХНИКА И ОПТИКА ""М. В. Ломоносов""",0325,Лазерна и оптична техника - АЕ,1,-,-,-,
46,2204402,"НАЦИОНАЛНА ПРОФЕСИОНАЛНА ГИМНАЗИЯ ПО ПРЕЦИЗНА ТЕХНИКА И ОПТИКА ""М. В. Ломоносов""",0328,Компютърна техника и технологии - АЕ,1,-,-,-,
47,2204402,"НАЦИОНАЛНА ПРОФЕСИОНАЛНА ГИМНАЗИЯ ПО ПРЕЦИЗНА ТЕХНИКА И ОПТИКА ""М. В. Ломоносов""",3955,Програмиране на изкуствен интелект - АЕ,1,-,-,-,
48,2204403,ПРОФЕСИОНАЛНА ГИМНАЗИЯ ПО ТЕКСТИЛНИ И КОЖЕНИ ИЗДЕЛИЯ,3251,Моден дизайн - АЕ,0.5,-,-,-,
49,2204403,ПРОФЕСИОНАЛНА ГИМНАЗИЯ ПО ТЕКСТИЛНИ И КОЖЕНИ ИЗДЕЛИЯ,4272,"Конструиране, моделиране и технология на кожено-галантерийни изделия",1,9,-,-,
50,2204403,ПРОФЕСИОНАЛНА ГИМНАЗИЯ ПО ТЕКСТИЛНИ И КОЖЕНИ ИЗДЕЛИЯ,4274,Организация и технология на козметичните услуги,1,1,-,-,
51,2204403,ПРОФЕСИОНАЛНА ГИМНАЗИЯ ПО ТЕКСТИЛНИ И КОЖЕНИ ИЗДЕЛИЯ,4507,Организация на туризма и свободното време - АЕ,0.5,-,-,-,
52,2204405,"ПРОФЕСИОНАЛНА ГИМНАЗИЯ ПО ПОДЕМНА, СТРОИТЕЛНА И ТРАНСПОРТНА ТЕХНИКА",2524,Пътно-строителна техника - АЕ,1,10,-,-,
53,2204405,"ПРОФЕСИОНАЛНА ГИМНАЗИЯ ПО ПОДЕМНА, СТРОИТЕЛНА И ТРАНСПОРТНА ТЕХНИКА",3558,Локомотиви и вагони (дуална) - РЕ,0.5,8,-,-,
54,2204405,"ПРОФЕСИОНАЛНА ГИМНАЗИЯ ПО ПОДЕМНА, СТРОИТЕЛНА И ТРАНСПОРТНА ТЕХНИКА",3562,Ръководител движение - АЕ,0.5,11,-,-,
55,2205105,"105. СРЕДНО УЧИЛИЩЕ ""АТАНАС ДАЛЧЕВ""",2514,"Чужди езици - ИтЕ интензивно, АЕ",1,2,-,-,
56,2205105,"105. СРЕДНО УЧИЛИЩЕ ""АТАНАС ДАЛЧЕВ""",2532,"Софтуерни и хардуерни науки - АЕ интензивно, ИтЕ",1,-,-,-,
57,2205105,"105. СРЕДНО УЧИЛИЩЕ ""АТАНАС ДАЛЧЕВ""",2543,"Екскурзоводско обслужване - ИтЕ интензивно, АЕ",1,-,-,-,
58,2205119,"119 Средно училище ""Академик Михаил Арнаудов""",1522,Хуманитарни науки - АЕ интензивно,1,1,-,-,
59,2205119,"119 Средно училище ""Академик Михаил Арнаудов""",1526,Природни науки - АЕ интензивно,1,-,-,-,
60,2205119,"119 Средно училище ""Академик Михаил Арнаудов""",1532,Чужди езици - РЕ интензивно,1,-,-,-,
61,2205119,"119 Средно училище ""Академик Михаил Арнаудов""",4079,Икономическо развитие - АЕ интензивно,1,-,-,-,
62,2205407,"СОФИЙСКА ПРОФЕСИОНАЛНА ГИМНАЗИЯ по ЕЛЕКТРОНИКА ""Джон Атанасов""",2328,"Системно програмиране - АЕ, НЕ",1,3,-,-,
63,2205407,"СОФИЙСКА ПРОФЕСИОНАЛНА ГИМНАЗИЯ по ЕЛЕКТРОНИКА ""Джон Атанасов""",2338,"Приложно програмиране - АЕ, НЕ",1,2,-,-,
64,2205407,"СОФИЙСКА ПРОФЕСИОНАЛНА ГИМНАЗИЯ по ЕЛЕКТРОНИКА ""Джон Атанасов""",2360,"Компютърни мрежи - АЕ, НЕ",1,-,-,-,
65,2205407,"СОФИЙСКА ПРОФЕСИОНАЛНА ГИМНАЗИЯ по ЕЛЕКТРОНИКА ""Джон Атанасов""",2363,"Компютърна техника и технологии - АЕ, НЕ",1,4,-,-,
66,2205407,"СОФИЙСКА ПРОФЕСИОНАЛНА ГИМНАЗИЯ по ЕЛЕКТРОНИКА ""Джон Атанасов""",2372,"Промишлена електроника - АЕ, НЕ (дуална)",1,-,-,-,
67,2205407,"СОФИЙСКА ПРОФЕСИОНАЛНА ГИМНАЗИЯ по ЕЛЕКТРОНИКА ""Джон Атанасов""",4140,"Програмиране на роботи - АЕ, НЕ",1,-,-,-,
68,2205407,"СОФИЙСКА ПРОФЕСИОНАЛНА ГИМНАЗИЯ по ЕЛЕКТРОНИКА ""Джон Атанасов""",4777,"Приложно програмиране - АЕ, НЕ (дуална)",1,1,-,-,
69,2205408,"Софийска професионална гимназия ""Княгиня Евдокия""",2837,Съдебна администрация - АЕ,1,-,-,-,
70,2205408,"Софийска професионална гимназия ""Княгиня Евдокия""",2840,Икономическо информационно осигуряване - АЕ,1,-,-,-,
71,2205408,"Софийска професионална гимназия ""Княгиня Евдокия""",2842,Извършване на термални процедури - АЕ,1,-,-,-,
72,2205408,"Софийска професионална гимназия ""Княгиня Евдокия""",2843,Фризьорство,0.5,-,-,-,
73,2205408,"Софийска професионална гимназия ""Княгиня Евдокия""",2845,Козметика,0.5,1,-,-,
74,2205408,"Софийска професионална гимназия ""Княгиня Евдокия""",3381,Промишлен дизайн - АЕ,1,1,-,-,
75,2205408,"Софийска професионална гимназия ""Княгиня Евдокия""",3382,Индустриални отношения - АЕ,1,-,-,-,
76,2205408,"Софийска професионална гимназия ""Княгиня Евдокия""",4009,Фотография - АЕ,1,1,-,-,
77,2205408,"Софийска професионална гимназия ""Княгиня Евдокия""",4290,"Театрален, кино и телевизионен декор - АЕ",0.5,-,-,-,
78,2205408,"Софийска професионална гимназия ""Княгиня Евдокия""",4292,"Художествено осветление за театър, кино и телевизия - АЕ",0.5,-,-,-,
79,2206003,"3. СУ ""Марин Дринов""",2914,Графичен дизайн - АЕ,1,-,-,-,
80,2206003,"3. СУ ""Марин Дринов""",4019,Фотография,1,2,-,-,
81,2206113,"113 СУ ""САВА ФИЛАРЕТОВ""",1648,Продавач-консултант /РЕ/,1,6,-,-,
82,2206113,"113 СУ ""САВА ФИЛАРЕТОВ""",1676,Продавач-консултант /АЕ/,1,3,-,-,
83,2212303,"33. Езикова гимназия ""Света София""",2762,"Предприемачески - АЕ интензивно, НЕ",1,2,-,-,
84,2212303,"33. Езикова гимназия ""Света София""",2767,"Чужди езици - АЕ интензивно, КитЕ/ГрЕ",1,2,-,-,
85,2212303,"33. Езикова гимназия ""Света София""",2774,"Чужди езици - АЕ интензивно, ФЕ или РЕ",1,1,-,-,
86,2212303,"33. Езикова гимназия ""Света София""",2778,"Чужди езици - ФЕ интензивно, АЕ",1,-,-,-,
87,2212303,"33. Езикова гимназия ""Света София""",2797,"Екскурзоводско обслужване - АЕ интензивно, ИЕ",1,-,-,-,
88,2206409,"Професионална гимназия по транспорт и енергетика ""Хенри Форд""",1911,Промишлена електроника,1,2,-,-,
89,2206409,"Професионална гимназия по транспорт и енергетика ""Хенри Форд""",2343,Електрообзавеждане на ел. превозни средства за гр. транспорт (дуална),1,6,-,-,
90,2206409,"Професионална гимназия по транспорт и енергетика ""Хенри Форд""",2349,Електрообзавеждане на подемна и асансьорна техника,1,15,-,-,
91,2206409,"Професионална гимназия по транспорт и енергетика ""Хенри Форд""",2352,Газова техника (дуална) - АЕ,1,14,-,-,
92,2206409,"Професионална гимназия по транспорт и енергетика ""Хенри Форд""",2357,Възобновяеми енергийни източници (дуална) - АЕ,1,-,-,-,
93,2206409,"Професионална гимназия по транспорт и енергетика ""Хенри Форд""",2362,Топлотехника - отоплителна климат. вентилационна и хладилна (дуална) - АЕ,1,-,-,-,
94,2206409,"Професионална гимназия по транспорт и енергетика ""Хенри Форд""",2364,Автотранспортна техника - АЕ,1,-,-,-,
95,2206409,"Професионална гимназия по транспорт и енергетика ""Хенри Форд""",2367,Автомобилна мехатроника (дуална) - АЕ,1,-,-,-,
96,2206409,"Професионална гимназия по транспорт и енергетика ""Хенри Форд""",2376,Автотранспортна техника (дуална) - АЕ,1,-,-,-,
97,2206409,"Професионална гимназия по транспорт и енергетика ""Хенри Форд""",2378,Електрически превозни средства - АЕ,1,1,-,-,
98,2206409,"Професионална гимназия по транспорт и енергетика ""Хенри Форд""",2380,Ремонт на летателни апарати - АЕ,1,-,-,-,
99,2206409,"Професионална гимназия по транспорт и енергетика ""Хенри Форд""",2383,Експлоатация на автомобилния транспорт,1,6,-,-,
100,2206410,"ПРОФЕСИОНАЛНА ГИМНАЗИЯ ПО ВИСОКИ ТЕХНОЛОГИИ ""А. С. ПОПОВ""",2752,Компютърни мрежи - АЕ,1,-,-,-,
101,2206410,"ПРОФЕСИОНАЛНА ГИМНАЗИЯ ПО ВИСОКИ ТЕХНОЛОГИИ ""А. С. ПОПОВ""",2756,Телекомуникационни системи - АЕ,1,-,-,-,
102,2206410,"ПРОФЕСИОНАЛНА ГИМНАЗИЯ ПО ВИСОКИ ТЕХНОЛОГИИ ""А. С. ПОПОВ""",2760,Приложно програмиране - АЕ интензивно,1,-,-,-,
103,2206410,"ПРОФЕСИОНАЛНА ГИМНАЗИЯ ПО ВИСОКИ ТЕХНОЛОГИИ ""А. С. ПОПОВ""",2763,Компютърна техника и технологии - АЕ,1,-,-,-,
104,2206410,"ПРОФЕСИОНАЛНА ГИМНАЗИЯ ПО ВИСОКИ ТЕХНОЛОГИИ ""А. С. ПОПОВ""",2769,Системно програмиране - АЕ интензивно,1,-,-,-,
105,2206410,"ПРОФЕСИОНАЛНА ГИМНАЗИЯ ПО ВИСОКИ ТЕХНОЛОГИИ ""А. С. ПОПОВ""",3317,Охранителна техника и системи за сигурност - АЕ,1,-,-,-,
106,2206410,"ПРОФЕСИОНАЛНА ГИМНАЗИЯ ПО ВИСОКИ ТЕХНОЛОГИИ ""А. С. ПОПОВ""",4500,"Програмиране на изкуствен интелект - АЕ интензивно, КитЕ",1,-,-,-,
107,2206411,"Професионална гимназия по хранително-вкусови технологии ""Проф. д-р Георги Павлов""",0448,Производство на захар и захарни изделия - АЕ,1,1,-,-,
108,2206411,"Професионална гимназия по хранително-вкусови технологии ""Проф. д-р Георги Павлов""",0452,"Производство на месо, месни продукти и риба",1,17,-,-,
109,2206411,"Професионална гимназия по хранително-вкусови технологии ""Проф. д-р Георги Павлов""",3671,Производство и преработка на мляко и млечни продукти,1,20,-,-,
110,2207068,"68. Средно училище ""Академик Никола Обрешков""",2629,Софтуерни и хардуерни науки - АЕ разширено,1,-,-,-,
111,2207068,"68. Средно училище ""Академик Никола Обрешков""",3634,Природни науки - АЕ разширено,1,-,-,-,
112,2207068,"68. Средно училище ""Академик Никола Обрешков""",4454,Софтуерни и хардуерни науки - АЕ интензивно,1,-,-,-,
113,2207069,"69 Средно училище ""Димитър Маринов""",0887,"Икономическо развитие - АЕ, НЕ",1,-,-,-,
114,2207108,"108 Средно училище ""Никола Беловеждов""",1852,"Предприемачески - АЕ интензивно, РЕ",1,-,-,-,
115,2207108,"108 Средно училище ""Никола Беловеждов""",3675,"Икономическа информатика - АЕ интензивно, НЕ",1,-,-,-,
116,2207412,ПРОФЕСИОНАЛНА ГИМНАЗИЯ ПО ТРАНСПОРТ,1656,"Митническа и данъчна администрация - АЕ, ИЕ",1,-,-,-,
117,2207412,ПРОФЕСИОНАЛНА ГИМНАЗИЯ ПО ТРАНСПОРТ,1665,"Спедиция транспортна и складова логистика - АЕ, НЕ",1,4,-,-,
118,2207412,ПРОФЕСИОНАЛНА ГИМНАЗИЯ ПО ТРАНСПОРТ,1677,"Автомобилна мехатроника - АЕ, НЕ",1,-,-,-,
119,2207412,ПРОФЕСИОНАЛНА ГИМНАЗИЯ ПО ТРАНСПОРТ,1684,Автотранспортна техника - монтьор,1,10,-,-,
120,2208017,"17 СУ ""Дамян Груев""",2379,Туристическа анимация - /ФЕ/,1,13,-,-,
121,2208028,"28 Средно училище ""Алеко Константинов""",0372,"Софтуерни и хардуерни науки - АЕ интензивно, ИЕ",1,-,-,-,
122,2208028,"28 Средно училище ""Алеко Константинов""",4126,"Електронна търговия - АЕ интензивно, ИЕ",1,8,-,-,
123,2208028,"28 Средно училище ""Алеко Константинов""",0374,Физическо възпитание и спорт,1,15,-,-,
124,2208123,"123 Средно училищe ""Стефан Стамболов""",0631,Логистика на товари и услуги,1,5,-,-,
125,2208123,"123 Средно училищe ""Стефан Стамболов""",4004,Обществени науки,1,7,-,-,
126,2208135,"135 средно училище ""Ян Амос Коменски""",2783,Социална работа с деца и семейства в риск - АЕ,1,1,-,-,
127,2208413,Софийска гимназия по хлебни и сладкарски технологии,0547,"Производство на хляб хлебни и сладкарски изделия - АЕ, НЕ",1,-,-,-,
128,2208413,Софийска гимназия по хлебни и сладкарски технологии,0563,Декорация на сладкарски изделия - АЕ,1,1,-,-,
129,2208413,Софийска гимназия по хлебни и сладкарски технологии,4101,"Производство на хляб, хлебни и сладкарски изделия - АЕ, ГрЕ",1,3,-,-,
130,2209019,"19 СРЕДНО УЧИЛИЩЕ ""ЕЛИН ПЕЛИН""",4656,"Предприемачески - АЕ интензивно, НорвЕ",1,-,-,-,
131,2209019,"19 СРЕДНО УЧИЛИЩЕ ""ЕЛИН ПЕЛИН""",4657,"Предприемачески - АЕ интензивно, ДатЕ",1,1,-,-,
132,2209019,"19 СРЕДНО УЧИЛИЩЕ ""ЕЛИН ПЕЛИН""",4658,"Предприемачески - НЕ интензивно, ШвЕ",1,-,-,-,
133,2209036,"36 Средно училище ""Максим Горки""",0778,"Чужди езици - ИтЕ интензивно, АЕ",1,1,-,-,
134,2209036,"36 Средно училище ""Максим Горки""",0784,"Природни науки - АЕ интензивно, ИтЕ",1,-,-,-,
135,2209051,"51 СРЕДНО УЧИЛИЩЕ ""ЕЛИСАВЕТА БАГРЯНА""",2276,"Компютърна графика - АЕ интензивно, НЕ",1,-,-,-,
136,2209051,"51 СРЕДНО УЧИЛИЩЕ ""ЕЛИСАВЕТА БАГРЯНА""",2291,"Изобразително изкуство - АЕ интензивно, ИтЕ",1,-,-,-,
137,2209051,"51 СРЕДНО УЧИЛИЩЕ ""ЕЛИСАВЕТА БАГРЯНА""",3998,"Компютърна анимация - АЕ интензивно, ИтЕ",1,-,-,-,
138,2209132,"132. Средно училище ""Ваня Войнова""",0424,Помощник-инструктор по спортно туристическа дейност - АЕ,1,-,-,-,
139,2209132,"132. Средно училище ""Ваня Войнова""",4283,Пространствен дизайн,1,-,-,-,
140,2209132,"132. Средно училище ""Ваня Войнова""",3191,Физическо възпитание и спорт,1,10,-,-,
141,2209305,"203 Профилирана езикова гимназия ""Свети Методий""",2904,"Чужди езици - АЕ интензивно, НЕ или ИЕ",2,3,-,-,
142,2209305,"203 Профилирана езикова гимназия ""Свети Методий""",2909,"Природни науки - ИЕ интензивно, НЕ или АЕ",1,-,-,-,
143,2209305,"203 Профилирана езикова гимназия ""Свети Методий""",2910,"Предприемачески - АЕ интензивно, ИЕ или НЕ",1,-,-,-,
144,2209305,"203 Профилирана езикова гимназия ""Свети Методий""",3271,"Природни науки - АЕ интензивно, ИЕ или НЕ",1,1,-,-,
145,2210085,"85 Средно училище ""Отец Паисий""",1929,"Търговия на едро и дребно - АЕ, РЕ",1,-,-,-,
146,2210117,117. СУ,0975,Предприемачески,1,1,-,-,
147,2210162,"162 Обединено училище ""Отец Паисий""",2956,Предприемачески,1,11,-,-,
148,2210162,"162 Обединено училище ""Отец Паисий""",4591,Изобразително изкуство,1,7,-,-,
149,2211021,"21 СРЕДНО УЧИЛИЩЕ ""ХРИСТО БОТЕВ""",0906,"Предприемачески - АЕ интензивно, ИЕ",1,-,-,-,
150,2211021,"21 СРЕДНО УЧИЛИЩЕ ""ХРИСТО БОТЕВ""",3676,"Предприемачески - ИЕ интензивно, АЕ",1,-,-,-,
151,2211035,"35. СРЕДНО ЕЗИКОВО УЧИЛИЩЕ ""ДОБРИ ВОЙНИКОВ""",0388,"Чужди езици - НЕ интензивно, РЕ",1,-,-,-,
152,2211035,"35. СРЕДНО ЕЗИКОВО УЧИЛИЩЕ ""ДОБРИ ВОЙНИКОВ""",0389,"Чужди езици - интензивно НЕ, РЕ",1,-,-,-,
153,2211035,"35. СРЕДНО ЕЗИКОВО УЧИЛИЩЕ ""ДОБРИ ВОЙНИКОВ""",0390,"Чужди езици - ФЕ интензивно, РЕ",1,2,-,-,
154,2211035,"35. СРЕДНО ЕЗИКОВО УЧИЛИЩЕ ""ДОБРИ ВОЙНИКОВ""",0392,"Чужди езици - интензивно ФЕ, РЕ",1,-,-,1,
155,2211035,"35. СРЕДНО ЕЗИКОВО УЧИЛИЩЕ ""ДОБРИ ВОЙНИКОВ""",3505,"Природни науки - БЗО ХООС интензивно НЕ, РЕ",1,-,-,-,
156,2211304,"Национална природо-математическа гимназия ""Академик Любомир Чакалов""",0814,Математически - АЕ М Инф,1,-,-,-,
157,2211304,"Национална природо-математическа гимназия ""Академик Любомир Чакалов""",0821,Математически - НЕ М Инф,1,-,-,-,
158,2211304,"Национална природо-математическа гимназия ""Академик Любомир Чакалов""",0830,Математически - АЕ ФА М,1,-,-,-,
159,2211304,"Национална природо-математическа гимназия ""Академик Любомир Чакалов""",0835,Природни науки - АЕ БЗО ХООС,1,-,-,-,
160,2211304,"Национална природо-математическа гимназия ""Академик Любомир Чакалов""",0843,Природни науки - АЕ ХООС БЗО,1,-,-,-,
161,2211304,"Национална природо-математическа гимназия ""Академик Любомир Чакалов""",0847,Икономическо развитие - АЕ ГИ М,1,-,-,-,
162,2211304,"Национална природо-математическа гимназия ""Академик Любомир Чакалов""",4091,Природни науки - НЕ БЗО ХООС,1,-,-,-,
163,2211417,"Професионална гимназия по облекло ""Княгиня Мария Луиза""",0462,"Моден дизайн - ИтЕ, АЕ",1,-,-,-,
164,2211417,"Професионална гимназия по облекло ""Княгиня Мария Луиза""",0472,"Бутикови облекла - ИтЕ, АЕ",1,1,-,-,
165,2211417,"Професионална гимназия по облекло ""Княгиня Мария Луиза""",0476,"Моден дизайн - АЕ, ФЕ",0.5,-,-,-,
166,2211417,"Професионална гимназия по облекло ""Княгиня Мария Луиза""",0491,"Конструиране, моделиране и технология на облекло от текстил - АЕ, ФЕ",1,-,-,-,
167,2211417,"Професионална гимназия по облекло ""Княгиня Мария Луиза""",0505,"Сценичен костюм - АЕ, ФЕ",1,-,-,-,
168,2211417,"Професионална гимназия по облекло ""Княгиня Мария Луиза""",4674,"Театрален грим и перуки, АЕ, ФЕ",0.5,-,-,-,
169,2211419,"СОФИЙСКА ГИМНАЗИЯ ПО СТРОИТЕЛСТВО, АРХИТЕКТУРА И ГЕОДЕЗИЯ ""ХРИСТО БОТЕВ""",0719,Строителство и архитектура - АЕ,1,-,-,-,
170,2211419,"СОФИЙСКА ГИМНАЗИЯ ПО СТРОИТЕЛСТВО, АРХИТЕКТУРА И ГЕОДЕЗИЯ ""ХРИСТО БОТЕВ""",0735,Водно строителство - АЕ,1,-,-,-,
171,2211419,"СОФИЙСКА ГИМНАЗИЯ ПО СТРОИТЕЛСТВО, АРХИТЕКТУРА И ГЕОДЕЗИЯ ""ХРИСТО БОТЕВ""",0748,Транспортно строителство - АЕ,1,-,-,-,
172,2211419,"СОФИЙСКА ГИМНАЗИЯ ПО СТРОИТЕЛСТВО, АРХИТЕКТУРА И ГЕОДЕЗИЯ ""ХРИСТО БОТЕВ""",0762,Геодезия - АЕ,1,-,-,-,
173,2211419,"СОФИЙСКА ГИМНАЗИЯ ПО СТРОИТЕЛСТВО, АРХИТЕКТУРА И ГЕОДЕЗИЯ ""ХРИСТО БОТЕВ""",0772,Парково строителство и озеленяване - АЕ,1,-,-,-,
174,2211419,"СОФИЙСКА ГИМНАЗИЯ ПО СТРОИТЕЛСТВО, АРХИТЕКТУРА И ГЕОДЕЗИЯ ""ХРИСТО БОТЕВ""",0838,Брокер недвижими имоти - АЕ,1,-,-,-,
175,2211419,"СОФИЙСКА ГИМНАЗИЯ ПО СТРОИТЕЛСТВО, АРХИТЕКТУРА И ГЕОДЕЗИЯ ""ХРИСТО БОТЕВ""",0973,Строителство и архитектура - НЕ,1,-,-,-,
176,2211420,НАЦИОНАЛНА ФИНАНСОВО-СТОПАНСКА ГИМНАЗИЯ,2749,Икономическа информатика - АЕ,1,2,-,-,
177,2211420,НАЦИОНАЛНА ФИНАНСОВО-СТОПАНСКА ГИМНАЗИЯ,2754,Икономика и мениджмънт - АЕ,1,-,-,-,
178,2211420,НАЦИОНАЛНА ФИНАНСОВО-СТОПАНСКА ГИМНАЗИЯ,2764,Икономика и мениджмънт - НЕ,1,1,-,-,
179,2211420,НАЦИОНАЛНА ФИНАНСОВО-СТОПАНСКА ГИМНАЗИЯ,3603,Икономическа информатика - НЕ,1,-,-,-,
180,2211420,НАЦИОНАЛНА ФИНАНСОВО-СТОПАНСКА ГИМНАЗИЯ,3604,Икономика и мениджмънт - ИЕ,1,-,-,-,
181,2211420,НАЦИОНАЛНА ФИНАНСОВО-СТОПАНСКА ГИМНАЗИЯ,4388,Оперативно счетоводство - АЕ,1,-,-,-,
182,2211420,НАЦИОНАЛНА ФИНАНСОВО-СТОПАНСКА ГИМНАЗИЯ,4717,Икономика и мениджмънт - ФЕ,1,-,-,-,
183,2212027,"27. Средно училище ""Акад. Георги Караславов""",2387,Софтуерни и хардуерни науки,1,9,-,-,
184,2212037,"37. Средно училище ""Райна Княгиня""",4470,"Малък и среден бизнес - АЕ разширено, Испански език",1,11,-,-,
185,2212040,"40 Средно училище ""Луи Пастьор""",0508,"Софтуерни и хардуерни науки - АЕ интензивно, РЕ",1,-,-,-,
186,2212040,"40 Средно училище ""Луи Пастьор""",3883,"Компютърна графика - АЕ, РЕ",1,1,-,-,
187,2212056,"56. Средно училище ""Професор Константин Иречек""",2200,"Икономическо развитие - АЕ интензивно, ИЕ",1,-,-,-,
188,2212056,"56. Средно училище ""Професор Константин Иречек""",3639,"Брокер недвижими имоти - АЕ, РЕ",1,13,-,-,
189,2212056,"56. Средно училище ""Професор Константин Иречек""",3640,"Електронна търговия - АЕ, НЕ",1,3,-,-,
190,2212079,"79 средно училище ""Индира Ганди""",4199,"Софтуерни и хардуерни науки - АЕ интензивно, ИЕ",1,-,-,-,
191,2212079,"79 средно училище ""Индира Ганди""",4201,"Софтуерни и хардуерни науки - АЕ разширено, ИЕ",1,-,-,-,
192,2212090,"90 Средно училище ""Генерал Хосе де Сан Мартин""",1384,"Предприемачески - ИЕ, АЕ",1,-,-,-,
193,2212090,"90 Средно училище ""Генерал Хосе де Сан Мартин""",1390,"Природни науки - АЕ, ИЕ",1,-,-,-,
194,2212096,"96 Средно училище ""Лев Николаевич Толстой""",0903,"Обществени науки - АЕ интензивно, ИЕ/РЕ",1,2,-,-,
195,2212096,"96 Средно училище ""Лев Николаевич Толстой""",4109,"Софтуерни и хардуерни науки - АЕ интензивно, ИЕ/РЕ",1,1,-,-,
196,2212096,"96 Средно училище ""Лев Николаевич Толстой""",4449,"Обществени науки - ИЕ интензивно, АЕ/РЕ",1,-,-,-,
197,2212097,"97 Средно училище ""Братя Миладинови""",2506,Софтуерни и хардуерни науки - АЕ разширено,1,-,-,-,
198,2212097,"97 Средно училище ""Братя Миладинови""",2512,Търговия (дуална) - АЕ разширено,1,-,-,-,
199,2212097,"97 Средно училище ""Братя Миладинови""",3037,Търговия (дуална) - НЕ разширено,1,1,-,-,
200,2212137,"137 средно училище ""Ангел Кънчев""",1834,"Предприемачески - АЕ интензивно, НЕ",1,-,-,-,
201,2212137,"137 средно училище ""Ангел Кънчев""",1838,"Хуманитарни науки - АЕ интензивно, НЕ",1,-,-,-,
202,2212137,"137 средно училище ""Ангел Кънчев""",1844,"Софтуерни и хардуерни науки - АЕ интензивно, НЕ",1,-,-,-,
203,2213010,"10 Средно училище "" Теодор Траянов """,2101,"Обществени науки - АЕ, ИЕ",1,-,-,-,
204,2213010,"10 Средно училище "" Теодор Траянов """,3075,"Природни науки - АЕ, ИЕ",1,1,-,-,
205,2213039,"39 Средно училище ""Петър Динеков""",1802,"Софтуерни и хардуерни науки - АЕ интензивно, РЕ/ИЕ",1,1,-,-,
206,2213039,"39 Средно училище ""Петър Динеков""",4110,"Предприемачески - АЕ интензивно, РЕ/ИЕ",1,-,-,-,
207,2213039,"39 Средно училище ""Петър Динеков""",4447,"Предприемачески - АЕ разширено, РЕ/ИЕ",1,-,-,-,
208,2213081,"81. Средно училище ""Виктор Юго""",2566,Чужди езици - АЕ интензивно,1,1,-,-,
209,2213081,"81. Средно училище ""Виктор Юго""",2579,Хуманитарни науки,1,-,-,-,
210,2213081,"81. Средно училище ""Виктор Юго""",4739,Хуманитарни науки - ЯЕ,1,1,-,-,
211,2213118,"118 Средно училище ""Академик Людмил Стоянов""",2943,"Софтуерни и хардуерни науки - АЕ интензивно, ИЕ",1,-,-,-,
212,2213118,"118 Средно училище ""Академик Людмил Стоянов""",4462,"Софтуерни и хардуерни науки - АЕ интензивно, НЕ",1,1,-,-,
213,2213125,"125 СУ ""Боян Пенев"" с изучаване на чужди езици",1546,Хуманитарни науки - АЕ интензивно,1,1,-,-,
214,2213125,"125 СУ ""Боян Пенев"" с изучаване на чужди езици",1557,Математически - АЕ интензивно,1,1,-,-,
215,2213128,"128 СРЕДНО УЧИЛИЩЕ ""АЛБЕРТ АЙНЩАЙН""",1660,Софтуерни и хардуерни науки - АЕ,1,-,-,-,
216,2213128,"128 СРЕДНО УЧИЛИЩЕ ""АЛБЕРТ АЙНЩАЙН""",1670,Икономическо информационно осигуряване - АЕ,1,-,-,-,
217,2213131,"131. СУ ""Климент Аркадиевич Тимирязев""",2449,Търговия на едро и дребно - АЕ,1,-,-,-,
218,2213131,"131. СУ ""Климент Аркадиевич Тимирязев""",3905,"Бизнес администрация - АЕ, ИЕ",1,-,-,-,
219,2213131,"131. СУ ""Климент Аркадиевич Тимирязев""",4460,"Бизнес администрация - ИЕ, АЕ",1,-,-,-,
220,2213144,"144 Средно училище ""Народни будители""",1118,Музика - АЕ,1,5,-,-,
221,2213144,"144 Средно училище ""Народни будители""",1123,Рекламна графика - АЕ,1,-,-,-,
222,2213144,"144 Средно училище ""Народни будители""",1142,Български танци - АЕ,1,5,-,-,
223,2213144,"144 Средно училище ""Народни будители""",3559,Рекламна графика - ИЕ,1,1,-,-,
224,2213350,"Технологично училище ""Електронни системи"" към Технически Университет - София",2127,Системно програмиране - АЕ,3,-,-,-,
225,2213350,"Технологично училище ""Електронни системи"" към Технически Университет - София",2132,Компютърни мрежи - АЕ,1,-,-,-,
226,2214015,"15 Средно училище "" Адам Мицкевич""",2582,Предприемачески - АЕ,1,5,-,-,
227,2214015,"15 Средно училище "" Адам Мицкевич""",3015,Митническо и данъчно обслужване,1,4,-,-,
228,2214015,"15 Средно училище "" Адам Мицкевич""",4438,Застрахователно и осигурително дело,1,12,-,-,
229,2214054,"54. СРЕДНО УЧИЛИЩЕ ""Свети ИВАН РИЛСКИ""",0749,"Чужди езици - АЕ интензивно, ИЕ",1,-,-,-,
230,2214054,"54. СРЕДНО УЧИЛИЩЕ ""Свети ИВАН РИЛСКИ""",0758,"Софтуерни и хардуерни науки - АЕ интензивно, РЕ",1,-,-,-,
231,2214054,"54. СРЕДНО УЧИЛИЩЕ ""Свети ИВАН РИЛСКИ""",4040,"Чужди езици - АЕ интензивно, НЕ",1,1,-,-,
232,2214101,"101. СРЕДНО УЧИЛИЩЕ ""БАЧО КИРО""",2886,"Икономическо развитие - АЕ интензивно, НЕ",1,-,-,-,
233,2214101,"101. СРЕДНО УЧИЛИЩЕ ""БАЧО КИРО""",2889,"Софтуерни и хардуерни науки - АЕ интензивно, НЕ",1,1,-,-,
234,2215170,"170 Средно училище ""Васил Левски""",2972,Компютърна графика- АЕ,1,8,-,-,
235,2215170,"170 Средно училище ""Васил Левски""",3971,Организация на туризма и свободното време - АЕ,1,1,-,-,
236,2215170,"170 Средно училище ""Васил Левски""",4779,Предприемачески - АЕ,1,7,-,-,
237,2215172,"172 Обединено училище ""Христо Ботев""",2807,Производство на облекло от текстил,1,16,-,-,
238,2216001,"1 Средно училище ""Пенчо П. Славейков""",1831,"Чужди езици - ИЕ интензивно, АЕ",1,-,-,-,
239,2216001,"1 Средно училище ""Пенчо П. Славейков""",1900,"Природни науки - БЗО и ХООС - ИЕ интензивно, АЕ",1,1,-,-,
240,2216001,"1 Средно училище ""Пенчо П. Славейков""",1906,"Чужди езици - АЕ интензивно, ИЕ",1,1,-,-,
241,2216001,"1 Средно училище ""Пенчо П. Славейков""",1907,"Природни науки - БЗО и ХООС - АЕ интензивно, ИЕ",1,-,-,-,
242,2216001,"1 Средно училище ""Пенчо П. Славейков""",4407,"Икономическо развитие - АЕ разширено, ГИ",1,-,-,-,
243,2216164,"164. гимназия с преподаване на испански език ""Мигел де Сервантес""",2561,"Чужди езици - ИЕ интензивно, АЕ",1,-,-,-,
244,2216164,"164. гимназия с преподаване на испански език ""Мигел де Сервантес""",2562,"Чужди езици - ИЕ интензивно, ФЕ",2,-,1,-,
245,2216164,"164. гимназия с преподаване на испански език ""Мигел де Сервантес""",2564,"Чужди езици - ИЕ интензивно, ИтЕ",2,-,-,-,
246,2216164,"164. гимназия с преподаване на испански език ""Мигел де Сервантес""",2569,"Чужди езици - ИЕ интензивно, ПортЕ",1,-,-,-,
247,2216301,Първа английска езикова гимназия,0649,"Чужди езици - АЕ интензивно, РЕ",1,-,-,-,
248,2216301,Първа английска езикова гимназия,0672,"Чужди езици - АЕ интензивно, ИЕ",2,-,-,1,
249,2216301,Първа английска езикова гимназия,0727,"Чужди езици - АЕ интензивно, НЕ",2,-,-,1,
250,2216301,Първа английска езикова гимназия,0752,"Чужди езици - АЕ интензивно, ФЕ",2,-,-,-,
251,2216301,Първа английска езикова гимназия,3349,"Предприемачески - АЕ интензивно, НЕ",1,-,-,-,
252,2216306,"Софийска математическа гимназия ""Паисий Хилендарски""",2277,Математически (математика и информатика) - АЕ (РИЧЕ),2,-,-,-,
253,2216306,"Софийска математическа гимназия ""Паисий Хилендарски""",3909,Математически (математика и информатика) - НЕ (ИИЧЕ),2,-,-,-,
254,2216306,"Софийска математическа гимназия ""Паисий Хилендарски""",4486,Математически (математика и физика) - АЕ (РИЧЕ),2,-,-,-,
255,2216422,"Професионална гимназия по механоелектротехника ""Н.Й.Вапцаров""",2173,Металообработващи машини,1,20,-,-,
256,2216422,"Професионална гимназия по механоелектротехника ""Н.Й.Вапцаров""",2177,Електрообзавеждане на производството - електромонтьор,1,8,-,-,
257,2216422,"Професионална гимназия по механоелектротехника ""Н.Й.Вапцаров""",2193,Промишлена електроника - АЕ,1,1,-,-,
258,2216423,СОФИЙСКА ПРОФЕСИОНАЛНА ГИМНАЗИЯ ПО ТУРИЗЪМ,1277,Кетъринг - РЕ,1,-,-,-,
259,2216423,СОФИЙСКА ПРОФЕСИОНАЛНА ГИМНАЗИЯ ПО ТУРИЗЪМ,1281,Кетъринг - ИЕ,1,-,-,-,
260,2216423,СОФИЙСКА ПРОФЕСИОНАЛНА ГИМНАЗИЯ ПО ТУРИЗЪМ,1283,Производство и обслужване в заведенията за хранене и развлечения - ИтЕ,1,-,-,-,
261,2216423,СОФИЙСКА ПРОФЕСИОНАЛНА ГИМНАЗИЯ ПО ТУРИЗЪМ,1284,Производство и обслужване в заведенията за хранене и развлечения - НЕ,1,-,-,-,
262,2216423,СОФИЙСКА ПРОФЕСИОНАЛНА ГИМНАЗИЯ ПО ТУРИЗЪМ,1285,Организация на хотелиерството - АЕ,1,-,-,-,
263,2216423,СОФИЙСКА ПРОФЕСИОНАЛНА ГИМНАЗИЯ ПО ТУРИЗЪМ,1286,Организация на обслужването в хотелиерството - АЕ,1,-,-,-,
264,2216423,СОФИЙСКА ПРОФЕСИОНАЛНА ГИМНАЗИЯ ПО ТУРИЗЪМ,1287,Екскурзоводско обслужване - АЕ,1,-,-,-,
265,2217066,"66 Средно училище ""Филип Станиславов""",3935,Бизнес администрация - АЕ интензивно,1,12,-,-,
266,2217088,"88. Средно училище ""Димитър Попниколов""",1353,Чужди езици - АЕ интензивно,1,1,-,-,
267,2217088,"88. Средно училище ""Димитър Попниколов""",1356,Туристическа анимация - АЕ интензивно,1,1,-,-,
268,2217149,"149 Средно училище ,,Иван Хаджийски""",1060,"Софтуерни и хардуерни науки - АЕ интензивно, НЕ",1,-,-,-,
269,2217149,"149 Средно училище ,,Иван Хаджийски""",4456,"Електронна търговия - АЕ интензивно, НЕ",1,-,-,-,
270,2217151,"НАЦИОНАЛНО СРЕДНО УЧИЛИЩЕ ""СОФИЯ""",4623,Изобразително изкуство - АЕ,1,-,-,-,
271,2217151,"НАЦИОНАЛНО СРЕДНО УЧИЛИЩЕ ""СОФИЯ""",4625,Икономическо развитие - АЕ,1,1,-,-,
272,2217424,ПРОФЕСИОНАЛНА ГИМНАЗИЯ ПО ЕЛЕКТРОТЕХНИКА И АВТОМАТИКА,2115,Компютърни мрежи - АЕ,1,9,-,-,
273,2217424,ПРОФЕСИОНАЛНА ГИМНАЗИЯ ПО ЕЛЕКТРОТЕХНИКА И АВТОМАТИКА,2123,Компютърна техника и технологии - АЕ,1,11,-,-,
274,2217424,ПРОФЕСИОНАЛНА ГИМНАЗИЯ ПО ЕЛЕКТРОТЕХНИКА И АВТОМАТИКА,2133,Системно програмиране - АЕ,1,2,-,-,
275,2217424,ПРОФЕСИОНАЛНА ГИМНАЗИЯ ПО ЕЛЕКТРОТЕХНИКА И АВТОМАТИКА,2138,Приложно програмиране - АЕ,1,13,-,-,
276,2217424,ПРОФЕСИОНАЛНА ГИМНАЗИЯ ПО ЕЛЕКТРОТЕХНИКА И АВТОМАТИКА,3864,Програмиране на изкуствен интелект - АЕ,1,2,-,-,
277,2217424,ПРОФЕСИОНАЛНА ГИМНАЗИЯ ПО ЕЛЕКТРОТЕХНИКА И АВТОМАТИКА,4333,Програмиране на роботи - АЕ,1,9,-,-,
278,2217426,"ПРОФЕСИОНАЛНА ГИМНАЗИЯ ПО СЕЛСКО СТОПАНСТВО ""БУЗЕМА""",2901,Трайни насаждения,0.5,-,-,-,
279,2217426,"ПРОФЕСИОНАЛНА ГИМНАЗИЯ ПО СЕЛСКО СТОПАНСТВО ""БУЗЕМА""",2903,Цветарство,0.5,5,-,-,
280,2217426,"ПРОФЕСИОНАЛНА ГИМНАЗИЯ ПО СЕЛСКО СТОПАНСТВО ""БУЗЕМА""",4727,Ветеринарен лаборант - АЕ,1,11,-,-,
281,2217426,"ПРОФЕСИОНАЛНА ГИМНАЗИЯ ПО СЕЛСКО СТОПАНСТВО ""БУЗЕМА""",4731,Помощник - възпитател в отглеждането и възпитанието на деца,1,20,-,-,
282,2218071,"71 Средно училище ""Пейо Яворов""",4445,Предприемачески,1,9,-,-,
283,2218192,"192. СРЕДНО УЧИЛИЩЕ ""ХРИСТО БОТЕВ""",2952,Туристическа анимация,1,-,-,-,
284,2219024,"24 Средно училище ""П.К.Яворов""",2439,Предприемачески,1,3,-,-,
285,2219044,"44. Средно училище ""Неофит Бозвели""",1536,"Софтуерни и хардуерни науки - АЕ интензивно, ИЕ",1,1,-,-,
286,2219044,"44. Средно училище ""Неофит Бозвели""",1538,"Софтуерни и хардуерни науки - НЕ интензивно, АЕ",1,-,-,-,
287,2219095,"95 СУ ""Проф. Иван Шишманов""",2354,Чужди езици - АЕ интензивно; РЕ,1,-,-,-,
288,2219095,"95 СУ ""Проф. Иван Шишманов""",2359,Бизнес администрация - РЕ интензивно; АЕ,1,-,-,-,
289,2219095,"95 СУ ""Проф. Иван Шишманов""",2459,Природни науки - АЕ разширено; РЕ,1,-,-,-,
290,2219095,"95 СУ ""Проф. Иван Шишманов""",3354,Предприемачески - АЕ интензивно; РЕ,1,-,-,-,
291,2219130,"130. средно училище ""Стефан Караджа""",3506,"Икономическо развитие - АЕ, НЕ",1,1,-,-,
292,2219130,"130. средно училище ""Стефан Караджа""",4713,Помощник-възпитател,1,24,-,-,
293,2204311,"Профилирана гимназия с интензивно изучаване на румънски език ""МИХАЙ ЕМИНЕСКУ""",2934,"Чужди езици - РумЕ интензивно, АЕ",1,-,-,-,
294,2204311,"Профилирана гимназия с интензивно изучаване на румънски език ""МИХАЙ ЕМИНЕСКУ""",2935,"Чужди езици - ИЕ интензивно, АЕ",1,3,-,-,
295,2204311,"Профилирана гимназия с интензивно изучаване на румънски език ""МИХАЙ ЕМИНЕСКУ""",4299,"Чужди езици - ИтЕ интензивно, РумЕ",1,-,-,-,
296,2220014,"14. средно училище ""Проф. д-р Асен Златаров""",1312,"Обществени науки - АЕ, РЕ",1,-,-,-,
297,2220029,"29. Средно училище ""Кузман Шапкарев""",2408,Софтуерни и хардуерни науки - АЕ интензивно,1,1,-,-,
298,2220029,"29. Средно училище ""Кузман Шапкарев""",3515,Софтуерни и хардуерни науки /АЕ/,1,-,-,-,
299,2220029,"29. Средно училище ""Кузман Шапкарев""",4405,Софтуерни и хардуерни науки - ИЕ разширено,1,1,-,-,
300,2220029,"29. Средно училище ""Кузман Шапкарев""",4459,Софтуерни и хардуерни науки /ИЕ/,1,-,-,-,
301,2220059,"59 ОБЕДИНЕНО УЧИЛИЩЕ ""ВАСИЛ ЛЕВСКИ""",1530,Готвач,1,4,-,-,
302,2220308,"Профилирана гимназия за изобразителни изкуства ""Професор Николай Райнов""",1572,Компютърна графика,1,-,-,-,
303,2221023,"23 Средно училище ""Фредерик Жолио-Кюри""",0916,"Чужди езици - ИтЕ интензивно, АЕ",1,-,-,-,
304,2221023,"23 Средно училище ""Фредерик Жолио-Кюри""",0930,"Предприемачески - АЕ, ИтЕ",1,1,-,-,
305,2221023,"23 Средно училище ""Фредерик Жолио-Кюри""",0939,"Икономическо развитие - АЕ, ИтЕ",1,-,-,-,
306,2221031,"31 Средно училище за чужди езици и математика ""Иван Вазов""",2755,"Чужди езици - АЕ интензивно, ИЕ",1,1,-,-,
307,2221031,"31 Средно училище за чужди езици и математика ""Иван Вазов""",2759,"Чужди езици - НЕ интензивно, АЕ",1,1,-,-,
308,2221031,"31 Средно училище за чужди езици и математика ""Иван Вазов""",2766,"Чужди езици - ИЕ интензивно, АЕ",1,2,-,-,
309,2221031,"31 Средно училище за чужди езици и математика ""Иван Вазов""",3018,"Математически - АЕ интензивно, НЕ",2,1,-,-,
310,2221093,"93-то Средно училище ""Александър Теодоров - Балан""",2876,"Обществени науки - РЕ интензивно, АЕ",1,-,-,-,
311,2221093,"93-то Средно училище ""Александър Теодоров - Балан""",2878,"Обществени науки - АЕ интензивно, РЕ",1,1,-,-,
312,2221093,"93-то Средно училище ""Александър Теодоров - Балан""",4038,"Софтуерни и хардуерни науки - АЕ интензивно, РЕ",1,-,-,-,
313,2221093,"93-то Средно училище ""Александър Теодоров - Балан""",4765,Обществени науки - РЕ разширено - АЕ,1,-,-,-,
314,2221094,"94 СРЕДНО УЧИЛИЩЕ ""Димитър Страшимиров""",2535,Производство на облекло от текстил,1,-,-,-,
315,2221094,"94 СРЕДНО УЧИЛИЩЕ ""Димитър Страшимиров""",2539,Логистика на товари и услуги - куриер,1,-,-,-,
316,2221138,"138. СРЕДНО УЧИЛИЩЕ ЗА ЗАПАДНИ И ИЗТОЧНИ ЕЗИЦИ ""ПРОФ. ВАСИЛ ЗЛАТАРСКИ""",1354,"Математически - АЕ интензивно, ИЕ",1,1,-,-,
317,2221138,"138. СРЕДНО УЧИЛИЩЕ ЗА ЗАПАДНИ И ИЗТОЧНИ ЕЗИЦИ ""ПРОФ. ВАСИЛ ЗЛАТАРСКИ""",2451,"Чужди езици - КитЕ интензивно, АЕ",1,-,-,-,
318,2221138,"138. СРЕДНО УЧИЛИЩЕ ЗА ЗАПАДНИ И ИЗТОЧНИ ЕЗИЦИ ""ПРОФ. ВАСИЛ ЗЛАТАРСКИ""",2456,"Чужди езици - ЯЕ интензивно, АЕ",1,1,-,-,
319,2221138,"138. СРЕДНО УЧИЛИЩЕ ЗА ЗАПАДНИ И ИЗТОЧНИ ЕЗИЦИ ""ПРОФ. ВАСИЛ ЗЛАТАРСКИ""",2466,"Софтуерни и хардуени науки - АЕ интензивно, КорЕ",1,1,-,-,
320,2221157,"157 Гимназия с изучаване на чужд език ""Сесар Вайехо""",1023,"Чужди езици - ИЕ интензивно, АЕ",5,5,-,-,
321,2221430,"ПРОФЕСИОНАЛНА ГИМНАЗИЯ ПО ТРАНСПОРТ ""МАКГАХАН""",2165,Автомобилна мехатроника - АЕ,1,-,-,-,
322,2221430,"ПРОФЕСИОНАЛНА ГИМНАЗИЯ ПО ТРАНСПОРТ ""МАКГАХАН""",2178,Ремонт на летателни апарати - АЕ,1,4,-,-,
323,2221430,"ПРОФЕСИОНАЛНА ГИМНАЗИЯ ПО ТРАНСПОРТ ""МАКГАХАН""",2187,Спедиция транспортна и складова логистика - АЕ (дневна),0.5,9,-,-,
324,2221430,"ПРОФЕСИОНАЛНА ГИМНАЗИЯ ПО ТРАНСПОРТ ""МАКГАХАН""",2212,Спедиция транспортна и складова логистика - АЕ (дуална),0.5,5,-,-,
325,2221430,"ПРОФЕСИОНАЛНА ГИМНАЗИЯ ПО ТРАНСПОРТ ""МАКГАХАН""",3500,Автотранспортна техника - техник АЕ,1,18,-,-,
326,2221430,"ПРОФЕСИОНАЛНА ГИМНАЗИЯ ПО ТРАНСПОРТ ""МАКГАХАН""",3934,Електрически превозни средства - техник АЕ,1,16,-,-,
327,2222007,"7. СРЕДНО УЧИЛИЩЕ ""СВ. СЕДМОЧИСЛЕНИЦИ""",0359,"Чужди езици - АЕ интензивно, ИЕ",2,2,-,-,
328,2222007,"7. СРЕДНО УЧИЛИЩЕ ""СВ. СЕДМОЧИСЛЕНИЦИ""",0360,"Чужди езици - АЕ интензивно, НЕ",1,3,-,-,
329,2222007,"7. СРЕДНО УЧИЛИЩЕ ""СВ. СЕДМОЧИСЛЕНИЦИ""",0363,"Чужди езици - АЕ интензивно, ФЕ",1,2,-,-,
330,2222007,"7. СРЕДНО УЧИЛИЩЕ ""СВ. СЕДМОЧИСЛЕНИЦИ""",4450,"Природни науки - АЕ интензивно, НЕ",1,1,-,-,
331,2222009,"9 Френска езикова гимназия ""Алфонс дьо Ламартин""",2158,"Чужди езици - ФЕ интензивно, АЕ",3,-,-,-,
332,2222009,"9 Френска езикова гимназия ""Алфонс дьо Ламартин""",2163,"Чужди езици - ФЕ интензивно, ИЕ",3,-,-,-,
333,2222009,"9 Френска езикова гимназия ""Алфонс дьо Ламартин""",2168,"Чужди езици - ФЕ интензивно, НЕ",1,-,-,-,
334,2222009,"9 Френска езикова гимназия ""Алфонс дьо Ламартин""",4338,"Чужди езици - ФЕ интензивно, Латински език",1,-,1,-,
335,2222012,"12 Средно училище "" Цар Иван Асен II""",2159,"Природни науки - АЕ интензивно, НЕ",1,-,-,-,
336,2222012,"12 Средно училище "" Цар Иван Асен II""",2209,"Чужди езици - НЕ интензивно, АЕ/РЕ по избор",1,-,-,-,
337,2222012,"12 Средно училище "" Цар Иван Асен II""",2215,"Предприемачески - ФЕ интензивно, АЕ",1,1,-,-,
338,2222012,"12 Средно училище "" Цар Иван Асен II""",4446,"Предприемачески - АЕ интензивно, НЕ",1,-,-,-,
339,2222127,"127 СРЕДНО УЧИЛИЩЕ ""Иван Николаевич Денкоглу""",1358,"Хумантарни науки - АЕ интензивно, ИЕ",1,-,-,-,
340,2222127,"127 СРЕДНО УЧИЛИЩЕ ""Иван Николаевич Денкоглу""",1362,"Хуманитарни науки - ИЕ интензивно, АЕ",1,2,-,-,
341,2222127,"127 СРЕДНО УЧИЛИЩЕ ""Иван Николаевич Денкоглу""",1364,"Природни науки - АЕ интензивно, ИЕ",1,3,-,-,
342,2222127,"127 СРЕДНО УЧИЛИЩЕ ""Иван Николаевич Денкоглу""",1365,"Природни науки - ИЕ интензивно, АЕ",1,1,-,-,
343,2222127,"127 СРЕДНО УЧИЛИЩЕ ""Иван Николаевич Денкоглу""",1366,"Предприемачески - АЕ интензивно, ИЕ",1,-,-,-,
344,2222127,"127 СРЕДНО УЧИЛИЩЕ ""Иван Николаевич Денкоглу""",3148,"Предприемачески - ИЕ интензивно, АЕ",1,-,-,-,
345,2222127,"127 СРЕДНО УЧИЛИЩЕ ""Иван Николаевич Денкоглу""",4402,"Математически - ИЕ интензивно, АЕ",1,-,-,-,
346,2222133,133 Средно училище „Александър Сергеевич Пушкин”,2269,"Чужди езици - АЕ интензивно, РЕ",1,-,-,-,
347,2222133,133 Средно училище „Александър Сергеевич Пушкин”,2270,"Чужди езици - ФЕ интензивно, РЕ",1,-,-,-,
348,2222133,133 Средно училище „Александър Сергеевич Пушкин”,2272,"Чужди езици - РЕ интензивно, АЕ",2,-,-,1,
349,2223008,"8. Средно училище ""Васил Левски""",4284,"Предприемачески - АЕ интензивно, РЕ",1,-,-,-,
350,2223055,"55 СРЕДНО УЧИЛИЩЕ ""ПЕТКО КАРАВЕЛОВ""",2144,"Софтуерни и хардуерни науки - АЕ интензивно, НЕ",1,1,-,-,
351,2223055,"55 СРЕДНО УЧИЛИЩЕ ""ПЕТКО КАРАВЕЛОВ""",4102,"Софтуерни и хардуерни науки - АЕ интензивно, РЕ",1,-,-,-,
352,2223431,ПРОФЕСИОНАЛНА ГИМНАЗИЯ ПО ТЕЛЕКОМУНИКАЦИИ,0707,Оптически комуникационни системи - АЕ,1,-,-,-,
353,2223431,ПРОФЕСИОНАЛНА ГИМНАЗИЯ ПО ТЕЛЕКОМУНИКАЦИИ,0722,Компютърни мрежи - АЕ,1,1,-,-,
354,2223431,ПРОФЕСИОНАЛНА ГИМНАЗИЯ ПО ТЕЛЕКОМУНИКАЦИИ,0730,Компютърна техника и технологии - АЕ,1,3,-,-,
355,2223431,ПРОФЕСИОНАЛНА ГИМНАЗИЯ ПО ТЕЛЕКОМУНИКАЦИИ,0738,Системно програмиране - АЕ,1,1,-,-,
356,2223431,ПРОФЕСИОНАЛНА ГИМНАЗИЯ ПО ТЕЛЕКОМУНИКАЦИИ,0743,Приложно програмиране - АЕ,1,-,-,-,
357,2223431,ПРОФЕСИОНАЛНА ГИМНАЗИЯ ПО ТЕЛЕКОМУНИКАЦИИ,0746,Икономическа информатика - АЕ,1,1,-,-,
358,2223431,ПРОФЕСИОНАЛНА ГИМНАЗИЯ ПО ТЕЛЕКОМУНИКАЦИИ,3215,Телекомуникационни системи-АЕ,1,-,-,-,
359,2206302,"Втора английска езикова гимназия ""Томас Джеферсън""",2018,"Чужди езици - АЕ интензивно, НЕ",3,-,-,-,
360,2206302,"Втора английска езикова гимназия ""Томас Джеферсън""",2025,"Чужди езици АЕ интензивно, ИЕ",3,-,-,-,
361,2206302,"Втора английска езикова гимназия ""Томас Джеферсън""",2034,"Чужди езици - АЕ интензивно, РЕ",1,-,-,-,
362,2224022,"22 Средно езиково училище ""Георги Стойков Раковски""",2565,"Хуманитарен - БЕЛ/Фил, АЕ интензивно, ИЕ",1,1,-,-,
363,2224022,"22 Средно езиково училище ""Георги Стойков Раковски""",2577,"Обществени науки - Ист/Фил, АЕ интензивно, ИЕ",1,1,-,-,
364,2224022,"22 Средно езиково училище ""Георги Стойков Раковски""",3017,"Природни науки - Биол, Хим, АЕ интензивно, НЕ",1,2,-,-,
365,2224022,"22 Средно езиково училище ""Георги Стойков Раковски""",3635,"Природни науки ИЕ - интензивно, АЕ, БЗО, ХООС",1,-,-,-,
366,2224022,"22 Средно езиково училище ""Георги Стойков Раковски""",4766,"Хуманитарен - БЕЛ/Фил, ИЕ интензивно, АЕ",1,1,-,-,
367,2224022,"22 Средно езиково училище ""Георги Стойков Раковски""",4767,"Обществени науки - Ист/Фил, ИЕ интензивно, АЕ",1,-,-,-,
368,2224047,"47 Средно училище ""Христо Груев Данов""",0515,"Предприемачески - АЕ интензивно, НЕ",1,1,-,-,
369,2224047,"47 Средно училище ""Христо Груев Данов""",3873,"Предприемачески - НЕ разширено, АЕ",1,-,-,-,
370,2224047,"47 Средно училище ""Христо Груев Данов""",4439,"Предприемачески - АЕ разширено, ИЕ",1,-,-,-,
371,2224073,"73.СУ с преподаване на чужди езици ""Владислав Граматик""",2651,"Чужди езици - НЕ интензивно, РЕ",2,-,-,1,
372,2224073,"73.СУ с преподаване на чужди езици ""Владислав Граматик""",2656,"Чужди езици - НЕ интензивно, ФЕ",1,-,1,-,
373,2224073,"73.СУ с преподаване на чужди езици ""Владислав Граматик""",2658,"Чужди езици - НЕ интензивно, АЕ",1,-,-,-,
374,2224121,"121 СРЕДНО УЧИЛИЩЕ ""ГЕОРГИ ИЗМИРЛИЕВ""",2637,Софтуерни и хардуерни науки - АЕ; ИЕ,1,-,-,-,
375,2224121,"121 СРЕДНО УЧИЛИЩЕ ""ГЕОРГИ ИЗМИРЛИЕВ""",2647,"Предприемачески - ИЕ, АЕ",1,-,-,-,
376,2224121,"121 СРЕДНО УЧИЛИЩЕ ""ГЕОРГИ ИЗМИРЛИЕВ""",4448,"Обществени науки - АЕ, ИЕ",1,-,-,-,
377,2224432,"Професионална гимназия по дизайн ""Елисавета Вазова""",1292,Интериорен дизайн - ИтЕ,1,-,-,-,
378,2224432,"Професионална гимназия по дизайн ""Елисавета Вазова""",1294,Графичен дизайн - АЕ,1,-,-,2,
379,2224432,"Професионална гимназия по дизайн ""Елисавета Вазова""",1296,Рекламна графика - АЕ,1,-,-,-,
380,2224432,"Професионална гимназия по дизайн ""Елисавета Вазова""",3856,Интериорен дизайн - ФЕ,1,1,-,-,
381,2224433,НАЦИОНАЛНА ТЪРГОВСКО - БАНКОВА ГИМНАЗИЯ,0751,"Банково дело - АЕ интензивно, ИЕ",1,-,-,-,
382,2224433,НАЦИОНАЛНА ТЪРГОВСКО - БАНКОВА ГИМНАЗИЯ,0775,"Застрахователно и осигурително дело - AE интензивно, ИЕ",1,-,-,1,
383,2224433,НАЦИОНАЛНА ТЪРГОВСКО - БАНКОВА ГИМНАЗИЯ,0777,"Оперативно счетоводство - РЕ интензивно, АЕ",1,-,-,-,
384,2224433,НАЦИОНАЛНА ТЪРГОВСКО - БАНКОВА ГИМНАЗИЯ,0779,"Бизнес администрация - ИЕ интензивно, АЕ",1,-,-,-,
385,2224433,НАЦИОНАЛНА ТЪРГОВСКО - БАНКОВА ГИМНАЗИЯ,0788,"Електронна търговия - АЕ интензивно, ИЕ",2,-,-,-,
386,2224433,НАЦИОНАЛНА ТЪРГОВСКО - БАНКОВА ГИМНАЗИЯ,0802,"Икономическа информатика - АЕ интензивно, ИЕ",1,-,-,-,
387,2224433,НАЦИОНАЛНА ТЪРГОВСКО - БАНКОВА ГИМНАЗИЯ,0933,"Банково дело - ФЕ интензивно, АЕ",1,-,-,-,
388,2224433,НАЦИОНАЛНА ТЪРГОВСКО - БАНКОВА ГИМНАЗИЯ,0937,"Банково дело - НЕ интензивно, АЕ",1,-,-,-,
389,2224433,НАЦИОНАЛНА ТЪРГОВСКО - БАНКОВА ГИМНАЗИЯ,0941,"Електронна търговия - РЕ интензивно, АЕ",1,-,-,-,
,,,,ВСИЧКО:,418,724,3,8,
